0,1 Mo,2 Mo,3 Mo,6 Mo,1 Yr,2 Yr,3 Yr,5 Yr,7 Yr,10 Yr,20 Yr,30 Yr
01/04/16,0.17,N/A,0.22,0.49,0.61,1.02,1.31,1.73,2.06,2.24,2.64,2.98
01/05/16,0.20,N/A,0.20,0.49,0.68,1.04,1.32,1.73,2.06,2.25,2.67,3.01
01/06/16,0.21,N/A,0.21,0.47,0.67,0.99,1.26,1.65,1.98,2.18,2.59,2.94
01/07/16,0.20,N/A,0.20,0.46,0.66,0.96,1.22,1.61,1.94,2.16,2.56,2.92
01/08/16,0.20,N/A,0.20,0.45,0.64,0.94,1.20,1.57,1.91,2.13,2.55,2.91
01/11/16,0.19,N/A,0.21,0.48,0.63,0.94,1.20,1.58,1.94,2.17,2.59,2.96
01/12/16,0.22,N/A,0.21,0.47,0.62,0.93,1.18,1.55,1.88,2.12,2.51,2.89
01/13/16,0.22,N/A,0.22,0.46,0.60,0.91,1.15,1.51,1.85,2.08,2.47,2.85
01/14/16,0.22,N/A,0.25,0.43,0.55,0.90,1.14,1.52,1.87,2.10,2.51,2.90
01/15/16,0.19,N/A,0.24,0.37,0.49,0.85,1.08,1.46,1.79,2.03,2.44,2.81
01/19/16,0.21,N/A,0.26,0.37,0.48,0.88,1.11,1.49,1.82,2.06,2.45,2.82
01/20/16,0.26,N/A,0.26,0.35,0.43,0.85,1.06,1.44,1.76,2.01,2.41,2.77
01/21/16,0.27,N/A,0.28,0.38,0.44,0.84,1.06,1.44,1.77,2.02,2.42,2.79
01/22/16,0.26,N/A,0.31,0.41,0.47,0.88,1.11,1.49,1.81,2.07,2.46,2.83
01/25/16,0.25,N/A,0.31,0.42,0.47,0.88,1.10,1.47,1.79,2.03,2.42,2.80
01/26/16,0.29,N/A,0.31,0.45,0.47,0.85,1.07,1.45,1.76,2.01,2.41,2.79
01/27/16,0.28,N/A,0.32,0.43,0.47,0.84,1.07,1.43,1.76,2.02,2.42,2.80
01/28/16,0.26,N/A,0.35,0.45,0.47,0.83,1.05,1.40,1.75,2.00,2.41,2.79
01/29/16,0.22,N/A,0.33,0.43,0.47,0.76,0.97,1.33,1.67,1.94,2.36,2.75
02/01/16,0.19,N/A,0.35,0.47,0.47,0.81,1.01,1.38,1.72,1.97,2.38,2.77
02/02/16,0.26,N/A,0.34,0.47,0.54,0.75,0.93,1.28,1.61,1.87,2.27,2.67
02/03/16,0.27,N/A,0.33,0.46,0.54,0.72,0.91,1.27,1.61,1.88,2.30,2.70
02/04/16,0.24,N/A,0.29,0.43,0.52,0.70,0.90,1.25,1.60,1.87,2.29,2.70
02/05/16,0.23,N/A,0.30,0.45,0.55,0.74,0.91,1.25,1.58,1.86,2.27,2.68
02/08/16,0.21,N/A,0.32,0.42,0.51,0.66,0.83,1.16,1.48,1.75,2.17,2.56
02/09/16,0.27,N/A,0.30,0.43,0.52,0.69,0.85,1.15,1.47,1.74,2.16,2.55
02/10/16,0.27,N/A,0.31,0.42,0.52,0.71,0.85,1.15,1.46,1.71,2.13,2.53
02/11/16,0.27,N/A,0.28,0.39,0.47,0.64,0.81,1.11,1.39,1.63,2.06,2.50
02/12/16,0.26,N/A,0.30,0.39,0.51,0.71,0.89,1.20,1.50,1.74,2.15,2.60
02/16/16,0.23,N/A,0.30,0.42,0.51,0.74,0.91,1.23,1.53,1.78,2.19,2.64
02/17/16,0.28,N/A,0.30,0.43,0.53,0.74,0.93,1.26,1.57,1.81,2.24,2.68
02/18/16,0.28,N/A,0.30,0.45,0.53,0.71,0.88,1.21,1.51,1.75,2.17,2.62
02/19/16,0.26,N/A,0.31,0.46,0.53,0.76,0.91,1.24,1.53,1.76,2.17,2.61
02/22/16,0.28,N/A,0.33,0.46,0.55,0.78,0.92,1.25,1.54,1.77,2.18,2.62
02/23/16,0.28,N/A,0.32,0.47,0.55,0.76,0.90,1.23,1.51,1.74,2.16,2.60
02/24/16,0.28,N/A,0.33,0.46,0.55,0.75,0.90,1.21,1.52,1.75,2.16,2.61
02/25/16,0.27,N/A,0.32,0.46,0.56,0.72,0.85,1.16,1.47,1.71,2.14,2.58
02/26/16,0.26,N/A,0.33,0.47,0.60,0.80,0.93,1.23,1.55,1.76,2.20,2.63
02/29/16,0.23,N/A,0.33,0.49,0.62,0.78,0.91,1.22,1.52,1.74,2.19,2.61
03/01/16,0.29,N/A,0.33,0.50,0.68,0.85,0.98,1.31,1.62,1.83,2.28,2.70
03/02/16,0.28,N/A,0.36,0.48,0.67,0.85,1.00,1.34,1.65,1.84,2.27,2.69
03/03/16,0.25,N/A,0.28,0.46,0.65,0.85,0.99,1.33,1.63,1.83,2.23,2.65
03/04/16,0.25,N/A,0.29,0.47,0.67,0.88,1.04,1.38,1.69,1.88,2.29,2.70
03/07/16,0.27,N/A,0.32,0.49,0.67,0.91,1.08,1.42,1.72,1.91,2.30,2.71
03/08/16,0.27,N/A,0.29,0.48,0.68,0.88,1.04,1.34,1.64,1.83,2.22,2.63
03/09/16,0.27,N/A,0.30,0.47,0.68,0.90,1.07,1.39,1.69,1.90,2.27,2.68
03/10/16,0.27,N/A,0.32,0.50,0.69,0.93,1.11,1.45,1.75,1.93,2.29,2.70
03/11/16,0.27,N/A,0.33,0.51,0.70,0.97,1.16,1.49,1.79,1.98,2.34,2.75
03/14/16,0.28,N/A,0.34,0.52,0.70,0.97,1.15,1.49,1.78,1.97,2.33,2.74
03/15/16,0.29,N/A,0.34,0.52,0.71,0.98,1.16,1.50,1.78,1.97,2.33,2.73
03/16/16,0.28,N/A,0.31,0.47,0.66,0.87,1.05,1.41,1.72,1.94,2.32,2.73
03/17/16,0.29,N/A,0.29,0.47,0.64,0.87,1.04,1.39,1.70,1.91,2.28,2.69
03/18/16,0.27,N/A,0.30,0.44,0.62,0.84,1.00,1.34,1.66,1.88,2.26,2.68
03/21/16,0.26,N/A,0.31,0.46,0.63,0.87,1.05,1.38,1.70,1.92,2.31,2.72
03/22/16,0.28,N/A,0.30,0.46,0.64,0.91,1.08,1.42,1.74,1.94,2.32,2.72
03/23/16,0.27,N/A,0.30,0.46,0.64,0.87,1.03,1.37,1.67,1.88,2.25,2.65
03/24/16,0.24,N/A,0.30,0.46,0.63,0.89,1.05,1.39,1.70,1.91,2.28,2.67
03/28/16,0.19,N/A,0.29,0.49,0.65,0.89,1.04,1.37,1.68,1.89,2.26,2.66
03/29/16,0.18,N/A,0.23,0.45,0.63,0.78,0.94,1.29,1.59,1.81,2.20,2.60
03/30/16,0.14,N/A,0.20,0.39,0.61,0.76,0.91,1.26,1.60,1.83,2.24,2.65
03/31/16,0.18,N/A,0.21,0.39,0.59,0.73,0.87,1.21,1.54,1.78,2.20,2.61
04/01/16,0.20,N/A,0.23,0.40,0.62,0.76,0.90,1.24,1.56,1.79,2.20,2.62
04/04/16,0.18,N/A,0.23,0.38,0.59,0.75,0.88,1.22,1.53,1.78,2.19,2.60
04/05/16,0.19,N/A,0.23,0.36,0.56,0.72,0.85,1.17,1.49,1.73,2.13,2.54
04/06/16,0.19,N/A,0.23,0.36,0.55,0.73,0.88,1.20,1.52,1.76,2.17,2.58
04/07/16,0.20,N/A,0.23,0.36,0.52,0.70,0.83,1.14,1.46,1.70,2.10,2.52
04/08/16,0.20,N/A,0.23,0.34,0.54,0.70,0.84,1.16,1.47,1.72,2.13,2.55
04/11/16,0.19,N/A,0.23,0.34,0.53,0.70,0.85,1.16,1.48,1.73,2.14,2.56
04/12/16,0.21,N/A,0.22,0.34,0.54,0.74,0.90,1.22,1.54,1.79,2.18,2.61
04/13/16,0.21,N/A,0.23,0.36,0.55,0.75,0.90,1.22,1.53,1.77,2.16,2.58
04/14/16,0.21,N/A,0.22,0.37,0.55,0.77,0.92,1.26,1.57,1.80,2.18,2.61
04/15/16,0.19,N/A,0.22,0.37,0.53,0.74,0.87,1.22,1.52,1.76,2.14,2.56
04/18/16,0.16,N/A,0.22,0.35,0.52,0.75,0.90,1.24,1.54,1.78,2.17,2.58
04/19/16,0.18,N/A,0.21,0.36,0.53,0.77,0.92,1.26,1.57,1.79,2.19,2.60
04/20/16,0.18,N/A,0.23,0.36,0.54,0.80,0.97,1.32,1.63,1.85,2.25,2.66
04/21/16,0.19,N/A,0.23,0.37,0.56,0.82,0.98,1.35,1.65,1.88,2.29,2.69
04/22/16,0.19,N/A,0.23,0.38,0.56,0.84,1.01,1.37,1.67,1.89,2.30,2.70
04/25/16,0.17,N/A,0.25,0.40,0.57,0.85,1.01,1.38,1.69,1.91,2.32,2.72
04/26/16,0.19,N/A,0.24,0.43,0.61,0.86,1.04,1.40,1.72,1.94,2.35,2.76
04/27/16,0.18,N/A,0.24,0.40,0.58,0.83,0.99,1.33,1.64,1.87,2.30,2.71
04/28/16,0.17,N/A,0.22,0.39,0.56,0.78,0.93,1.28,1.60,1.84,2.27,2.68
04/29/16,0.16,N/A,0.22,0.40,0.56,0.77,0.92,1.28,1.60,1.83,2.26,2.66
05/02/16,0.11,N/A,0.22,0.41,0.55,0.80,0.96,1.32,1.64,1.88,2.31,2.71
05/03/16,0.18,N/A,0.21,0.40,0.53,0.75,0.92,1.25,1.57,1.81,2.24,2.66
05/04/16,0.18,N/A,0.19,0.39,0.52,0.75,0.89,1.23,1.55,1.79,2.22,2.64
05/05/16,0.20,N/A,0.20,0.39,0.51,0.72,0.87,1.20,1.52,1.76,2.17,2.60
05/06/16,0.20,N/A,0.19,0.39,0.51,0.74,0.90,1.23,1.55,1.79,2.20,2.62
05/09/16,0.21,N/A,0.24,0.38,0.51,0.72,0.86,1.20,1.51,1.77,2.18,2.61
05/10/16,0.25,N/A,0.24,0.36,0.52,0.72,0.88,1.20,1.52,1.77,2.18,2.61
05/11/16,0.25,N/A,0.26,0.37,0.53,0.74,0.87,1.20,1.51,1.73,2.15,2.58
05/12/16,0.25,N/A,0.27,0.37,0.54,0.76,0.92,1.24,1.54,1.75,2.18,2.60
05/13/16,0.25,N/A,0.29,0.38,0.55,0.76,0.91,1.22,1.51,1.71,2.14,2.55
05/16/16,0.21,N/A,0.28,0.38,0.57,0.79,0.94,1.26,1.55,1.75,2.18,2.59
05/17/16,0.25,N/A,0.28,0.40,0.58,0.82,0.97,1.29,1.57,1.76,2.18,2.59
05/18/16,0.25,N/A,0.30,0.43,0.63,0.90,1.08,1.41,1.69,1.87,2.27,2.67
05/19/16,0.25,N/A,0.31,0.43,0.64,0.89,1.06,1.38,1.67,1.85,2.24,2.64
05/20/16,0.26,N/A,0.33,0.46,0.67,0.89,1.05,1.38,1.65,1.85,2.24,2.63
05/23/16,0.26,N/A,0.35,0.48,0.69,0.91,1.05,1.38,1.65,1.84,2.23,2.63
05/24/16,0.28,N/A,0.35,0.48,0.69,0.92,1.08,1.41,1.68,1.86,2.25,2.65
05/25/16,0.24,N/A,0.33,0.47,0.67,0.92,1.08,1.40,1.69,1.87,2.27,2.67
05/26/16,0.17,N/A,0.31,0.46,0.65,0.87,1.03,1.35,1.65,1.83,2.24,2.64
05/27/16,0.23,N/A,0.32,0.47,0.68,0.90,1.06,1.39,1.67,1.85,2.25,2.65
05/31/16,0.27,N/A,0.34,0.49,0.68,0.87,1.03,1.37,1.66,1.84,2.23,2.64
06/01/16,0.27,N/A,0.30,0.49,0.70,0.91,1.07,1.39,1.67,1.85,2.22,2.63
06/02/16,0.19,N/A,0.29,0.48,0.68,0.89,1.03,1.36,1.63,1.81,2.17,2.58
06/03/16,0.19,N/A,0.30,0.43,0.60,0.78,0.92,1.23,1.50,1.71,2.09,2.52
06/06/16,0.19,N/A,0.28,0.43,0.60,0.80,0.94,1.25,1.53,1.73,2.12,2.55
06/07/16,0.20,N/A,0.28,0.43,0.59,0.78,0.94,1.23,1.51,1.72,2.10,2.54
06/08/16,0.20,N/A,0.24,0.43,0.60,0.78,0.93,1.23,1.51,1.71,2.08,2.51
06/09/16,0.21,N/A,0.26,0.43,0.59,0.77,0.91,1.22,1.49,1.68,2.05,2.48
06/10/16,0.18,N/A,0.26,0.42,0.57,0.73,0.87,1.17,1.44,1.64,2.02,2.44
06/13/16,0.23,N/A,0.27,0.40,0.55,0.73,0.84,1.14,1.42,1.62,2.01,2.43
06/14/16,0.24,N/A,0.27,0.41,0.55,0.74,0.85,1.15,1.42,1.62,2.00,2.43
06/15/16,0.23,N/A,0.26,0.37,0.52,0.69,0.81,1.10,1.38,1.60,1.99,2.43
06/16/16,0.23,N/A,0.27,0.36,0.53,0.70,0.81,1.10,1.37,1.57,1.96,2.39
06/17/16,0.22,N/A,0.27,0.37,0.51,0.70,0.83,1.13,1.41,1.62,1.99,2.43
06/20/16,0.23,N/A,0.28,0.41,0.56,0.74,0.87,1.17,1.45,1.67,2.03,2.47
06/21/16,0.25,N/A,0.27,0.41,0.57,0.76,0.89,1.22,1.49,1.71,2.07,2.50
06/22/16,0.25,N/A,0.27,0.40,0.56,0.75,0.88,1.20,1.49,1.69,2.06,2.50
06/23/16,0.27,N/A,0.31,0.43,0.58,0.78,0.92,1.25,1.54,1.74,2.12,2.55
06/24/16,0.24,N/A,0.27,0.38,0.48,0.64,0.76,1.08,1.35,1.57,1.96,2.42
06/27/16,0.22,N/A,0.27,0.35,0.45,0.61,0.70,1.00,1.26,1.46,1.83,2.28
06/28/16,0.25,N/A,0.26,0.35,0.45,0.61,0.71,1.00,1.26,1.46,1.83,2.27
06/29/16,0.18,N/A,0.26,0.35,0.46,0.62,0.74,1.03,1.30,1.50,1.86,2.30
06/30/16,0.20,N/A,0.26,0.36,0.45,0.58,0.71,1.01,1.29,1.49,1.86,2.30
07/01/16,0.24,N/A,0.28,0.37,0.45,0.59,0.71,1.00,1.27,1.46,1.81,2.24
07/05/16,0.27,N/A,0.28,0.35,0.44,0.56,0.66,0.94,1.19,1.37,1.72,2.14
07/06/16,0.26,N/A,0.27,0.36,0.46,0.58,0.69,0.95,1.20,1.38,1.72,2.14
07/07/16,0.27,N/A,0.29,0.37,0.47,0.58,0.69,0.97,1.21,1.40,1.72,2.14
07/08/16,0.26,N/A,0.28,0.36,0.48,0.61,0.71,0.95,1.19,1.37,1.69,2.11
07/11/16,0.28,N/A,0.31,0.40,0.50,0.66,0.77,1.03,1.27,1.43,1.73,2.14
07/12/16,0.29,N/A,0.29,0.40,0.52,0.69,0.81,1.10,1.35,1.53,1.82,2.24
07/13/16,0.29,N/A,0.31,0.40,0.51,0.68,0.80,1.07,1.32,1.48,1.77,2.18
07/14/16,0.29,N/A,0.32,0.41,0.53,0.68,0.82,1.10,1.36,1.53,1.84,2.25
07/15/16,0.27,N/A,0.32,0.42,0.52,0.71,0.87,1.15,1.42,1.60,1.90,2.30
07/18/16,0.26,N/A,0.32,0.44,0.52,0.68,0.85,1.14,1.40,1.59,1.90,2.30
07/19/16,0.29,N/A,0.31,0.44,0.56,0.70,0.84,1.12,1.38,1.56,1.88,2.27
07/20/16,0.28,N/A,0.32,0.44,0.56,0.73,0.86,1.15,1.41,1.59,1.91,2.30
07/21/16,0.28,N/A,0.32,0.44,0.54,0.70,0.82,1.11,1.38,1.57,1.90,2.29
07/22/16,0.29,N/A,0.33,0.44,0.55,0.71,0.84,1.13,1.40,1.57,1.90,2.29
07/25/16,0.28,N/A,0.32,0.44,0.55,0.72,0.87,1.15,1.41,1.58,1.90,2.29
07/26/16,0.24,N/A,0.31,0.43,0.55,0.75,0.87,1.15,1.40,1.57,1.89,2.28
07/27/16,0.25,N/A,0.31,0.40,0.53,0.73,0.83,1.10,1.35,1.52,1.84,2.23
07/28/16,0.19,N/A,0.25,0.39,0.53,0.72,0.82,1.09,1.35,1.52,1.83,2.23
07/29/16,0.19,N/A,0.28,0.38,0.50,0.67,0.76,1.03,1.29,1.46,1.78,2.18
08/01/16,0.20,N/A,0.29,0.40,0.50,0.67,0.78,1.06,1.33,1.51,1.84,2.24
08/02/16,0.28,N/A,0.29,0.41,0.50,0.67,0.79,1.07,1.36,1.55,1.88,2.29
08/03/16,0.26,N/A,0.28,0.42,0.53,0.67,0.78,1.07,1.35,1.55,1.88,2.29
08/04/16,0.24,N/A,0.26,0.41,0.51,0.64,0.76,1.03,1.31,1.51,1.84,2.25
08/05/16,0.23,N/A,0.28,0.45,0.56,0.72,0.86,1.13,1.41,1.59,1.91,2.32
08/08/16,0.27,N/A,0.31,0.45,0.57,0.74,0.86,1.15,1.42,1.59,1.91,2.30
08/09/16,0.27,N/A,0.29,0.44,0.55,0.71,0.84,1.11,1.38,1.55,1.86,2.25
08/10/16,0.27,N/A,0.28,0.43,0.55,0.69,0.80,1.07,1.34,1.50,1.83,2.23
08/11/16,0.27,N/A,0.28,0.45,0.55,0.76,0.88,1.16,1.42,1.57,1.89,2.28
08/12/16,0.27,N/A,0.29,0.43,0.56,0.71,0.82,1.10,1.36,1.51,1.85,2.23
08/15/16,0.26,N/A,0.31,0.46,0.56,0.72,0.85,1.14,1.40,1.55,1.90,2.27
08/16/16,0.27,N/A,0.27,0.45,0.57,0.76,0.87,1.16,1.42,1.57,1.92,2.29
08/17/16,0.27,N/A,0.30,0.46,0.58,0.74,0.86,1.15,1.41,1.56,1.90,2.27
08/18/16,0.27,N/A,0.30,0.44,0.58,0.71,0.81,1.12,1.38,1.53,1.89,2.26
08/19/16,0.27,N/A,0.30,0.44,0.59,0.76,0.88,1.17,1.43,1.58,1.93,2.29
08/22/16,0.24,N/A,0.29,0.45,0.58,0.76,0.86,1.15,1.40,1.55,1.88,2.24
08/23/16,0.28,N/A,0.30,0.45,0.58,0.74,0.86,1.15,1.40,1.55,1.88,2.24
08/24/16,0.28,N/A,0.31,0.46,0.59,0.76,0.87,1.13,1.40,1.56,1.89,2.24
08/25/16,0.28,N/A,0.33,0.46,0.60,0.78,0.89,1.16,1.43,1.58,1.91,2.27
08/26/16,0.28,N/A,0.34,0.47,0.62,0.84,0.96,1.23,1.49,1.62,1.96,2.29
08/29/16,0.25,N/A,0.33,0.49,0.62,0.81,0.92,1.18,1.43,1.57,1.90,2.22
08/30/16,0.23,N/A,0.33,0.47,0.61,0.80,0.92,1.18,1.44,1.57,1.91,2.23
08/31/16,0.26,N/A,0.33,0.47,0.61,0.80,0.92,1.19,1.45,1.58,1.90,2.23
09/01/16,0.27,N/A,0.33,0.47,0.60,0.78,0.91,1.18,1.44,1.57,1.90,2.23
09/02/16,0.25,N/A,0.33,0.45,0.59,0.80,0.92,1.20,1.47,1.60,1.95,2.28
09/06/16,0.24,N/A,0.32,0.45,0.56,0.74,0.86,1.13,1.40,1.55,1.90,2.24
09/07/16,0.25,N/A,0.34,0.49,0.57,0.74,0.86,1.12,1.39,1.54,1.89,2.23
09/08/16,0.26,N/A,0.35,0.50,0.57,0.78,0.91,1.19,1.46,1.61,1.98,2.32
09/09/16,0.24,N/A,0.35,0.51,0.58,0.79,0.93,1.23,1.51,1.67,2.05,2.39
09/12/16,0.24,N/A,0.37,0.53,0.57,0.79,0.92,1.21,1.50,1.68,2.05,2.40
09/13/16,0.25,N/A,0.36,0.54,0.63,0.80,0.95,1.26,1.56,1.73,2.12,2.47
09/14/16,0.24,N/A,0.33,0.52,0.62,0.77,0.90,1.21,1.52,1.70,2.10,2.44
09/15/16,0.20,N/A,0.29,0.49,0.60,0.74,0.87,1.20,1.51,1.71,2.13,2.48
09/16/16,0.20,N/A,0.30,0.50,0.61,0.77,0.91,1.21,1.51,1.70,2.10,2.44
09/19/16,0.16,N/A,0.30,0.48,0.60,0.79,0.92,1.22,1.52,1.70,2.10,2.45
09/20/16,0.17,N/A,0.30,0.49,0.61,0.79,0.93,1.20,1.50,1.69,2.09,2.43
09/21/16,0.12,N/A,0.22,0.44,0.61,0.79,0.92,1.20,1.48,1.66,2.06,2.39
09/22/16,0.10,N/A,0.18,0.39,0.60,0.79,0.91,1.18,1.46,1.63,2.02,2.34
09/23/16,0.09,N/A,0.18,0.40,0.60,0.77,0.90,1.16,1.44,1.62,2.02,2.34
09/26/16,0.12,N/A,0.25,0.42,0.58,0.76,0.87,1.13,1.41,1.59,2.00,2.32
09/27/16,0.16,N/A,0.26,0.42,0.58,0.75,0.86,1.12,1.39,1.56,1.96,2.28
09/28/16,0.14,N/A,0.27,0.44,0.60,0.75,0.87,1.13,1.41,1.57,1.96,2.29
09/29/16,0.12,N/A,0.26,0.43,0.59,0.73,0.85,1.12,1.39,1.56,1.95,2.28
09/30/16,0.20,N/A,0.29,0.45,0.59,0.77,0.88,1.14,1.42,1.60,1.99,2.32
10/03/16,0.25,N/A,0.32,0.48,0.63,0.80,0.91,1.18,1.46,1.63,2.01,2.34
10/04/16,0.28,N/A,0.33,0.48,0.64,0.82,0.95,1.22,1.51,1.69,2.08,2.40
10/05/16,0.26,N/A,0.32,0.48,0.65,0.85,0.98,1.26,1.54,1.72,2.11,2.44
10/06/16,0.26,N/A,0.33,0.46,0.65,0.86,1.00,1.28,1.58,1.75,2.14,2.46
10/07/16,0.26,N/A,0.33,0.46,0.66,0.83,0.99,1.26,1.55,1.73,2.14,2.46
10/11/16,0.27,N/A,0.35,0.48,0.69,0.87,1.03,1.30,1.58,1.77,2.17,2.50
10/12/16,0.26,N/A,0.37,0.49,0.68,0.87,0.99,1.31,1.60,1.79,2.19,2.51
10/13/16,0.26,N/A,0.30,0.45,0.66,0.85,1.00,1.27,1.56,1.75,2.15,2.48
10/14/16,0.26,N/A,0.32,0.46,0.66,0.84,1.00,1.28,1.58,1.80,2.22,2.55
10/17/16,0.24,N/A,0.34,0.47,0.65,0.81,0.98,1.26,1.56,1.77,2.19,2.52
10/18/16,0.26,N/A,0.34,0.47,0.66,0.82,0.96,1.24,1.54,1.75,2.18,2.51
10/19/16,0.25,N/A,0.35,0.48,0.65,0.81,0.96,1.24,1.54,1.76,2.18,2.51
10/20/16,0.25,N/A,0.35,0.48,0.66,0.84,0.98,1.26,1.55,1.76,2.17,2.50
10/21/16,0.25,N/A,0.34,0.47,0.66,0.84,0.98,1.25,1.53,1.74,2.15,2.48
10/24/16,0.23,N/A,0.33,0.46,0.66,0.84,1.00,1.27,1.56,1.77,2.18,2.52
10/25/16,0.22,N/A,0.34,0.49,0.66,0.86,1.00,1.29,1.56,1.77,2.17,2.50
10/26/16,0.25,N/A,0.33,0.49,0.67,0.86,1.01,1.30,1.59,1.79,2.20,2.53
10/27/16,0.19,N/A,0.30,0.49,0.68,0.87,1.04,1.33,1.64,1.85,2.26,2.60
10/28/16,0.18,N/A,0.30,0.49,0.66,0.86,1.02,1.33,1.63,1.86,2.27,2.62
10/31/16,0.20,N/A,0.34,0.51,0.66,0.86,1.00,1.31,1.62,1.84,2.25,2.58
11/01/16,0.24,N/A,0.35,0.50,0.65,0.83,0.99,1.30,1.61,1.83,2.24,2.58
11/02/16,0.24,N/A,0.37,0.51,0.64,0.81,0.98,1.26,1.57,1.81,2.22,2.56
11/03/16,0.24,N/A,0.38,0.52,0.64,0.81,0.98,1.26,1.58,1.82,2.25,2.60
11/04/16,0.25,N/A,0.38,0.52,0.62,0.80,0.95,1.24,1.55,1.79,2.22,2.56
11/07/16,0.28,N/A,0.41,0.54,0.63,0.82,0.99,1.29,1.60,1.83,2.26,2.60
11/08/16,0.28,N/A,0.43,0.56,0.71,0.87,1.04,1.34,1.65,1.88,2.29,2.63
11/09/16,0.30,N/A,0.45,0.56,0.72,0.90,1.12,1.49,1.84,2.07,2.52,2.88
11/10/16,0.30,N/A,0.48,0.59,0.72,0.92,1.17,1.56,1.92,2.15,2.58,2.94
11/14/16,0.32,N/A,0.55,0.65,0.77,1.00,1.27,1.66,2.01,2.23,2.65,2.99
11/15/16,0.30,N/A,0.51,0.61,0.78,1.02,1.28,1.68,2.03,2.23,2.64,2.97
11/16/16,0.32,N/A,0.47,0.62,0.76,1.00,1.28,1.68,2.03,2.22,2.61,2.92
11/17/16,0.30,N/A,0.44,0.61,0.77,1.04,1.31,1.73,2.08,2.29,2.69,3.01
11/18/16,0.28,N/A,0.44,0.60,0.77,1.07,1.36,1.80,2.14,2.34,2.70,3.01
11/21/16,0.28,N/A,0.46,0.60,0.78,1.08,1.36,1.79,2.13,2.33,2.69,3.00
11/22/16,0.34,N/A,0.49,0.61,0.78,1.07,1.35,1.77,2.12,2.31,2.69,3.00
11/23/16,0.35,N/A,0.51,0.63,0.80,1.12,1.40,1.83,2.17,2.36,2.71,3.02
11/25/16,0.34,N/A,0.49,0.62,0.81,1.12,1.41,1.83,2.18,2.36,2.71,3.01
11/28/16,0.32,N/A,0.48,0.60,0.79,1.11,1.38,1.80,2.13,2.32,2.68,2.99
11/29/16,0.34,N/A,0.48,0.60,0.78,1.09,1.37,1.78,2.12,2.30,2.66,2.95
11/30/16,0.38,N/A,0.48,0.62,0.80,1.11,1.40,1.83,2.18,2.37,2.73,3.02
12/01/16,0.32,N/A,0.48,0.60,0.82,1.14,1.45,1.90,2.25,2.45,2.82,3.10
12/02/16,0.34,N/A,0.49,0.61,0.80,1.11,1.40,1.84,2.20,2.40,2.78,3.08
12/05/16,0.34,N/A,0.49,0.63,0.82,1.13,1.42,1.84,2.19,2.39,2.76,3.05
12/06/16,0.35,N/A,0.49,0.63,0.83,1.12,1.41,1.84,2.18,2.39,2.77,3.08
12/07/16,0.38,N/A,0.52,0.63,0.85,1.10,1.39,1.80,2.14,2.34,2.73,3.02
12/08/16,0.39,N/A,0.51,0.62,0.84,1.12,1.40,1.83,2.20,2.40,2.81,3.10
12/09/16,0.41,N/A,0.54,0.64,0.85,1.15,1.43,1.89,2.26,2.47,2.87,3.16
12/12/16,0.42,N/A,0.51,0.64,0.85,1.15,1.44,1.90,2.26,2.49,2.86,3.16
12/13/16,0.47,N/A,0.54,0.66,0.88,1.17,1.46,1.92,2.26,2.48,2.85,3.14
12/14/16,0.49,N/A,0.55,0.66,0.92,1.27,1.57,2.02,2.34,2.54,2.86,3.14
12/15/16,0.48,N/A,0.51,0.65,0.91,1.29,1.61,2.10,2.42,2.60,2.89,3.16
12/16/16,0.46,N/A,0.51,0.65,0.91,1.28,1.59,2.07,2.41,2.60,2.91,3.19
12/19/16,0.45,N/A,0.52,0.65,0.90,1.24,1.55,2.03,2.35,2.54,2.85,3.12
12/20/16,0.48,N/A,0.52,0.66,0.90,1.25,1.56,2.06,2.38,2.57,2.88,3.15
12/21/16,0.46,N/A,0.52,0.65,0.88,1.21,1.54,2.04,2.35,2.55,2.86,3.12
12/22/16,0.42,N/A,0.51,0.65,0.87,1.22,1.54,2.04,2.36,2.55,2.86,3.12
12/23/16,0.42,N/A,0.52,0.65,0.87,1.22,1.54,2.04,2.35,2.55,2.86,3.12
12/27/16,0.50,N/A,0.51,0.66,0.89,1.28,1.58,2.07,2.37,2.57,2.88,3.14
12/28/16,0.48,N/A,0.53,0.62,0.90,1.26,1.55,2.02,2.32,2.51,2.83,3.09
12/29/16,0.39,N/A,0.47,0.62,0.85,1.22,1.49,1.96,2.30,2.49,2.82,3.08
12/30/16,0.44,N/A,0.51,0.62,0.85,1.20,1.47,1.93,2.25,2.45,2.79,3.06
01/03/17,0.52,N/A,0.53,0.65,0.89,1.22,1.50,1.94,2.26,2.45,2.78,3.04
01/04/17,0.49,N/A,0.53,0.63,0.87,1.24,1.50,1.94,2.26,2.46,2.78,3.05
01/05/17,0.51,N/A,0.52,0.62,0.83,1.17,1.43,1.86,2.18,2.37,2.69,2.96
01/06/17,0.50,N/A,0.53,0.61,0.85,1.22,1.50,1.92,2.23,2.42,2.73,3.00
01/09/17,0.50,N/A,0.50,0.60,0.82,1.21,1.47,1.89,2.18,2.38,2.69,2.97
01/10/17,0.51,N/A,0.52,0.60,0.82,1.19,1.47,1.89,2.18,2.38,2.69,2.97
01/11/17,0.51,N/A,0.52,0.60,0.82,1.20,1.47,1.89,2.18,2.38,2.68,2.96
01/12/17,0.52,N/A,0.52,0.59,0.81,1.18,1.45,1.87,2.17,2.36,2.68,3.01
01/13/17,0.52,N/A,0.53,0.61,0.82,1.21,1.48,1.90,2.20,2.40,2.71,2.99
01/17/17,0.52,N/A,0.55,0.62,0.80,1.17,1.42,1.84,2.14,2.33,2.66,2.93
01/18/17,0.48,N/A,0.53,0.63,0.82,1.23,1.51,1.93,2.24,2.42,2.74,3.00
01/19/17,0.47,N/A,0.52,0.62,0.83,1.25,1.53,1.97,2.28,2.47,2.77,3.04
01/20/17,0.46,N/A,0.50,0.62,0.82,1.20,1.50,1.95,2.28,2.48,2.79,3.05
01/23/17,0.46,N/A,0.51,0.59,0.79,1.16,1.43,1.88,2.19,2.41,2.72,2.99
01/24/17,0.50,N/A,0.51,0.62,0.81,1.21,1.49,1.94,2.27,2.47,2.78,3.05
01/25/17,0.48,N/A,0.50,0.61,0.82,1.23,1.52,1.99,2.33,2.53,2.84,3.10
01/26/17,0.49,N/A,0.51,0.62,0.82,1.21,1.49,1.95,2.30,2.51,2.82,3.08
01/27/17,0.49,N/A,0.52,0.63,0.82,1.22,1.48,1.94,2.28,2.49,2.80,3.06
01/30/17,0.49,N/A,0.51,0.63,0.81,1.22,1.48,1.94,2.28,2.49,2.82,3.08
01/31/17,0.50,N/A,0.52,0.64,0.84,1.19,1.46,1.90,2.24,2.45,2.78,3.05
02/01/17,0.50,N/A,0.51,0.65,0.83,1.22,1.49,1.93,2.27,2.48,2.80,3.08
02/02/17,0.50,N/A,0.52,0.64,0.84,1.21,1.48,1.92,2.27,2.48,2.80,3.09
02/03/17,0.49,N/A,0.51,0.63,0.82,1.21,1.49,1.93,2.27,2.49,2.82,3.11
02/06/17,0.48,N/A,0.53,0.62,0.79,1.16,1.43,1.86,2.19,2.42,2.76,3.05
02/07/17,0.51,N/A,0.53,0.63,0.80,1.16,1.43,1.85,2.17,2.40,2.74,3.02
02/08/17,0.52,N/A,0.54,0.63,0.79,1.15,1.40,1.81,2.14,2.34,2.68,2.96
02/09/17,0.51,N/A,0.54,0.64,0.80,1.20,1.46,1.88,2.20,2.40,2.74,3.02
02/10/17,0.51,N/A,0.55,0.64,0.81,1.20,1.47,1.89,2.22,2.41,2.75,3.01
02/13/17,0.50,N/A,0.52,0.63,0.82,1.20,1.48,1.92,2.24,2.43,2.77,3.03
02/14/17,0.51,N/A,0.54,0.66,0.84,1.25,1.53,1.98,2.29,2.47,2.81,3.07
02/15/17,0.53,N/A,0.54,0.67,0.86,1.27,1.57,2.01,2.33,2.51,2.84,3.09
02/16/17,0.51,N/A,0.53,0.66,0.82,1.22,1.50,1.95,2.26,2.45,2.80,3.05
02/17/17,0.50,N/A,0.53,0.66,0.82,1.21,1.48,1.92,2.23,2.42,2.78,3.03
02/21/17,0.49,N/A,0.53,0.69,0.83,1.22,1.50,1.93,2.24,2.43,2.78,3.04
02/22/17,0.47,N/A,0.52,0.68,0.82,1.22,1.49,1.92,2.23,2.42,2.78,3.04
02/23/17,0.39,N/A,0.51,0.66,0.81,1.18,1.44,1.87,2.20,2.38,2.75,3.02
02/24/17,0.40,N/A,0.52,0.65,0.80,1.12,1.38,1.80,2.12,2.31,2.69,2.95
02/27/17,0.44,N/A,0.50,0.68,0.81,1.20,1.46,1.87,2.18,2.36,2.72,2.98
02/28/17,0.40,N/A,0.53,0.69,0.88,1.22,1.49,1.89,2.19,2.36,2.70,2.97
03/01/17,0.46,N/A,0.63,0.79,0.92,1.29,1.57,1.99,2.29,2.46,2.81,3.06
03/02/17,0.52,N/A,0.67,0.84,0.98,1.32,1.60,2.03,2.32,2.49,2.84,3.09
03/03/17,0.56,N/A,0.71,0.84,0.98,1.32,1.59,2.02,2.32,2.49,2.83,3.08
03/06/17,0.56,N/A,0.74,0.83,0.97,1.31,1.60,2.02,2.32,2.49,2.84,3.10
03/07/17,0.55,N/A,0.76,0.87,1.02,1.32,1.62,2.05,2.34,2.52,2.85,3.11
03/08/17,0.54,N/A,0.73,0.86,1.03,1.36,1.65,2.08,2.38,2.57,2.89,3.15
03/09/17,0.50,N/A,0.73,0.88,1.04,1.37,1.67,2.13,2.43,2.60,2.94,3.19
03/10/17,0.60,N/A,0.75,0.89,1.03,1.36,1.66,2.11,2.40,2.58,2.94,3.16
03/13/17,0.69,N/A,0.79,0.93,1.06,1.40,1.69,2.14,2.43,2.62,2.97,3.20
03/14/17,0.77,N/A,0.78,0.93,1.06,1.40,1.68,2.13,2.42,2.60,2.94,3.17
03/15/17,0.71,N/A,0.73,0.89,1.02,1.33,1.59,2.02,2.31,2.51,2.87,3.11
03/16/17,0.68,N/A,0.73,0.89,1.01,1.35,1.63,2.05,2.34,2.53,2.89,3.14
03/17/17,0.71,N/A,0.73,0.87,1.00,1.33,1.60,2.03,2.31,2.50,2.86,3.11
03/20/17,0.70,N/A,0.76,0.89,1.01,1.30,1.57,2.00,2.28,2.47,2.83,3.08
03/21/17,0.76,N/A,0.77,0.91,1.00,1.27,1.54,1.96,2.24,2.43,2.79,3.04
03/22/17,0.74,N/A,0.77,0.90,0.99,1.27,1.52,1.95,2.22,2.40,2.76,3.02
03/23/17,0.73,N/A,0.76,0.90,0.99,1.26,1.52,1.95,2.23,2.41,2.76,3.02
03/24/17,0.73,N/A,0.78,0.89,1.00,1.26,1.52,1.93,2.22,2.40,2.74,3.00
03/27/17,0.73,N/A,0.78,0.91,1.00,1.27,1.51,1.93,2.20,2.38,2.73,2.98
03/28/17,0.75,N/A,0.78,0.92,1.03,1.30,1.56,1.97,2.25,2.42,2.77,3.02
03/29/17,0.76,N/A,0.78,0.92,1.04,1.26,1.53,1.93,2.21,2.39,2.74,2.99
03/30/17,0.75,N/A,0.78,0.91,1.03,1.28,1.55,1.96,2.25,2.42,2.78,3.03
03/31/17,0.74,N/A,0.76,0.91,1.03,1.27,1.50,1.93,2.22,2.40,2.76,3.02
04/03/17,0.73,N/A,0.79,0.92,1.02,1.24,1.47,1.88,2.16,2.35,2.71,2.98
04/04/17,0.77,N/A,0.79,0.92,1.03,1.25,1.47,1.88,2.16,2.36,2.72,2.99
04/05/17,0.77,N/A,0.80,0.93,1.03,1.24,1.44,1.85,2.14,2.34,2.71,2.98
04/06/17,0.78,N/A,0.79,0.94,1.05,1.24,1.45,1.87,2.15,2.34,2.72,2.99
04/07/17,0.77,N/A,0.82,0.95,1.08,1.29,1.52,1.92,2.20,2.38,2.74,3.00
04/10/17,0.77,N/A,0.82,0.97,1.07,1.29,1.52,1.91,2.18,2.37,2.72,2.99
04/11/17,0.74,N/A,0.82,0.94,1.05,1.24,1.45,1.84,2.11,2.32,2.67,2.93
04/12/17,0.77,N/A,0.81,0.95,1.04,1.24,1.44,1.81,2.09,2.28,2.65,2.92
04/13/17,0.76,N/A,0.81,0.94,1.03,1.21,1.40,1.77,2.05,2.24,2.62,2.89
04/17/17,0.76,N/A,0.83,0.94,1.04,1.21,1.42,1.79,2.07,2.26,2.65,2.92
04/18/17,0.76,N/A,0.82,0.94,1.02,1.18,1.35,1.71,1.98,2.18,2.56,2.84
04/19/17,0.75,N/A,0.81,0.94,1.02,1.19,1.38,1.74,2.02,2.21,2.59,2.87
04/20/17,0.73,N/A,0.79,0.93,1.01,1.21,1.41,1.78,2.06,2.24,2.61,2.89
04/21/17,0.72,N/A,0.79,0.92,0.99,1.20,1.40,1.77,2.05,2.24,2.61,2.89
04/24/17,0.74,N/A,0.81,0.96,1.03,1.25,1.44,1.81,2.09,2.28,2.65,2.93
04/25/17,0.73,N/A,0.82,0.98,1.09,1.29,1.49,1.87,2.15,2.35,2.71,2.99
04/26/17,0.74,N/A,0.83,0.99,1.07,1.28,1.46,1.84,2.12,2.32,2.69,2.97
04/27/17,0.70,N/A,0.81,0.98,1.06,1.25,1.44,1.81,2.10,2.30,2.68,2.96
04/28/17,0.68,N/A,0.80,0.99,1.07,1.28,1.45,1.81,2.10,2.29,2.67,2.96
05/01/17,0.67,N/A,0.83,0.98,1.09,1.28,1.48,1.84,2.13,2.33,2.71,3.00
05/02/17,0.72,N/A,0.82,0.99,1.08,1.27,1.45,1.81,2.09,2.29,2.68,2.97
05/03/17,0.73,N/A,0.85,1.00,1.10,1.30,1.50,1.86,2.14,2.33,2.70,2.97
05/04/17,0.71,N/A,0.86,1.00,1.11,1.32,1.51,1.88,2.17,2.36,2.73,3.00
05/05/17,0.71,N/A,0.90,1.01,1.10,1.32,1.52,1.89,2.17,2.36,2.73,2.99
05/08/17,0.73,N/A,0.91,1.02,1.12,1.33,1.53,1.91,2.19,2.39,2.76,3.02
05/09/17,0.74,N/A,0.91,1.04,1.14,1.37,1.57,1.94,2.22,2.42,2.79,3.04
05/10/17,0.71,N/A,0.90,1.04,1.13,1.35,1.56,1.94,2.22,2.41,2.79,3.03
05/11/17,0.68,N/A,0.89,1.04,1.13,1.35,1.55,1.93,2.20,2.39,2.78,3.03
05/12/17,0.69,N/A,0.88,1.03,1.11,1.29,1.49,1.85,2.13,2.33,2.74,2.98
05/15/17,0.73,N/A,0.90,1.02,1.11,1.31,1.49,1.86,2.14,2.34,2.76,3.00
05/16/17,0.72,N/A,0.90,1.04,1.11,1.29,1.48,1.86,2.13,2.33,2.74,2.99
05/17/17,0.72,N/A,0.90,1.00,1.08,1.26,1.42,1.76,2.03,2.22,2.65,2.91
05/18/17,0.73,N/A,0.93,1.02,1.09,1.27,1.44,1.78,2.04,2.23,2.64,2.90
05/19/17,0.71,N/A,0.92,1.03,1.10,1.28,1.45,1.79,2.05,2.23,2.63,2.90
05/22/17,0.70,N/A,0.93,1.05,1.12,1.29,1.45,1.80,2.06,2.25,2.64,2.91
05/23/17,0.76,N/A,0.92,1.08,1.14,1.31,1.49,1.84,2.10,2.29,2.68,2.95
05/24/17,0.76,N/A,0.93,1.07,1.18,1.29,1.46,1.79,2.07,2.26,2.65,2.92
05/25/17,0.72,N/A,0.94,1.08,1.16,1.30,1.46,1.78,2.06,2.25,2.65,2.92
05/26/17,0.75,N/A,0.94,1.08,1.17,1.30,1.46,1.79,2.06,2.25,2.65,2.92
05/30/17,0.77,N/A,0.93,1.07,1.16,1.28,1.44,1.76,2.02,2.21,2.61,2.88
05/31/17,0.86,N/A,0.98,1.08,1.17,1.28,1.44,1.75,2.02,2.21,2.60,2.87
06/01/17,0.82,N/A,0.98,1.07,1.16,1.28,1.45,1.76,2.02,2.21,2.60,2.87
06/02/17,0.82,N/A,0.98,1.06,1.16,1.28,1.42,1.71,1.96,2.15,2.53,2.80
06/05/17,0.83,N/A,0.96,1.06,1.16,1.32,1.45,1.74,1.99,2.18,2.56,2.84
06/06/17,0.83,N/A,0.97,1.08,1.16,1.30,1.42,1.71,1.95,2.14,2.53,2.81
06/07/17,0.84,N/A,1.00,1.09,1.17,1.32,1.45,1.74,1.99,2.18,2.56,2.84
06/08/17,0.80,N/A,1.01,1.11,1.19,1.33,1.47,1.75,2.00,2.19,2.57,2.85
06/09/17,0.80,N/A,1.01,1.13,1.20,1.35,1.50,1.77,2.02,2.21,2.59,2.86
06/12/17,0.82,N/A,0.98,1.09,1.19,1.35,1.50,1.78,2.02,2.21,2.59,2.86
06/13/17,0.89,N/A,1.00,1.12,1.22,1.38,1.51,1.79,2.02,2.21,2.60,2.87
06/14/17,0.90,N/A,1.01,1.12,1.20,1.35,1.48,1.74,1.96,2.15,2.53,2.79
06/15/17,0.86,N/A,1.02,1.13,1.21,1.35,1.49,1.76,1.98,2.16,2.52,2.78
06/16/17,0.85,N/A,1.03,1.13,1.21,1.32,1.48,1.75,1.97,2.16,2.52,2.78
06/19/17,0.85,N/A,1.02,1.13,1.22,1.36,1.52,1.80,2.02,2.19,2.53,2.79
06/20/17,0.88,N/A,1.01,1.14,1.22,1.36,1.50,1.77,1.99,2.16,2.49,2.74
06/21/17,0.85,N/A,0.99,1.12,1.22,1.36,1.50,1.78,2.00,2.16,2.48,2.73
06/22/17,0.80,N/A,0.96,1.10,1.22,1.34,1.48,1.76,1.98,2.15,2.47,2.72
06/23/17,0.76,N/A,0.97,1.10,1.21,1.34,1.48,1.77,1.98,2.15,2.48,2.71
06/26/17,0.81,N/A,0.99,1.10,1.20,1.36,1.48,1.77,1.97,2.14,2.46,2.70
06/27/17,0.89,N/A,1.00,1.13,1.22,1.38,1.53,1.83,2.04,2.21,2.52,2.75
06/28/17,0.89,N/A,1.02,1.12,1.21,1.34,1.51,1.81,2.05,2.22,2.55,2.77
06/29/17,0.88,N/A,1.04,1.14,1.23,1.38,1.53,1.85,2.10,2.27,2.59,2.82
06/30/17,0.84,N/A,1.03,1.14,1.24,1.38,1.55,1.89,2.14,2.31,2.61,2.84
07/03/17,0.96,N/A,1.06,1.13,1.24,1.41,1.60,1.93,2.19,2.35,2.65,2.86
07/05/17,0.97,N/A,1.05,1.15,1.24,1.41,1.59,1.92,2.17,2.33,2.63,2.85
07/06/17,0.95,N/A,1.04,1.14,1.23,1.40,1.60,1.94,2.21,2.37,2.68,2.90
07/07/17,0.94,N/A,1.05,1.14,1.22,1.40,1.60,1.95,2.22,2.39,2.71,2.93
07/10/17,0.95,N/A,1.04,1.13,1.23,1.40,1.59,1.93,2.20,2.38,2.70,2.93
07/11/17,0.97,N/A,1.05,1.14,1.20,1.37,1.57,1.92,2.18,2.37,2.69,2.92
07/12/17,0.94,N/A,1.05,1.13,1.21,1.35,1.53,1.88,2.14,2.33,2.65,2.89
07/13/17,0.95,N/A,1.05,1.14,1.23,1.37,1.55,1.89,2.16,2.35,2.69,2.92
07/14/17,0.93,N/A,1.04,1.12,1.22,1.35,1.54,1.87,2.13,2.33,2.67,2.91
07/17/17,0.95,N/A,1.07,1.10,1.22,1.36,1.53,1.86,2.12,2.31,2.65,2.89
07/18/17,0.95,N/A,1.07,1.11,1.19,1.36,1.52,1.82,2.08,2.27,2.61,2.85
07/19/17,0.99,N/A,1.11,1.12,1.23,1.37,1.52,1.83,2.09,2.27,2.61,2.85
07/20/17,1.00,N/A,1.15,1.12,1.22,1.37,1.51,1.82,2.08,2.27,2.60,2.83
07/21/17,1.00,N/A,1.16,1.10,1.22,1.36,1.50,1.81,2.05,2.24,2.57,2.81
07/24/17,1.00,N/A,1.17,1.12,1.23,1.37,1.53,1.83,2.07,2.26,2.59,2.83
07/25/17,0.96,N/A,1.18,1.15,1.24,1.40,1.56,1.90,2.15,2.33,2.67,2.91
07/26/17,1.02,N/A,1.13,1.14,1.23,1.36,1.50,1.83,2.09,2.29,2.65,2.89
07/27/17,1.01,N/A,1.11,1.13,1.22,1.36,1.52,1.84,2.12,2.32,2.68,2.93
07/28/17,1.00,N/A,1.08,1.13,1.22,1.34,1.51,1.83,2.10,2.30,2.65,2.89
07/31/17,1.00,N/A,1.07,1.13,1.23,1.34,1.51,1.84,2.11,2.30,2.66,2.89
08/01/17,1.00,N/A,1.08,1.15,1.22,1.34,1.50,1.80,2.07,2.26,2.61,2.86
08/02/17,1.02,N/A,1.08,1.15,1.24,1.36,1.52,1.82,2.08,2.27,2.60,2.85
08/03/17,1.00,N/A,1.08,1.13,1.22,1.34,1.49,1.79,2.05,2.24,2.56,2.81
08/04/17,1.00,N/A,1.08,1.14,1.23,1.36,1.51,1.82,2.08,2.27,2.61,2.84
08/07/17,0.99,N/A,1.02,1.14,1.22,1.36,1.52,1.81,2.07,2.26,2.60,2.84
08/08/17,1.00,N/A,1.06,1.16,1.24,1.36,1.53,1.84,2.10,2.29,2.63,2.86
08/09/17,1.01,N/A,1.06,1.15,1.21,1.33,1.50,1.81,2.06,2.24,2.59,2.82
08/10/17,1.02,N/A,1.05,1.14,1.22,1.33,1.49,1.78,2.03,2.20,2.55,2.79
08/11/17,0.99,N/A,1.03,1.14,1.21,1.30,1.43,1.74,2.00,2.19,2.55,2.79
08/14/17,0.95,N/A,1.02,1.13,1.23,1.33,1.48,1.77,2.04,2.22,2.57,2.81
08/15/17,0.97,N/A,1.04,1.16,1.23,1.35,1.51,1.83,2.09,2.27,2.60,2.84
08/16/17,0.97,N/A,1.02,1.13,1.24,1.33,1.49,1.79,2.04,2.23,2.58,2.81
08/17/17,0.95,N/A,1.00,1.11,1.24,1.32,1.46,1.76,2.01,2.19,2.54,2.78
08/18/17,0.97,N/A,1.02,1.13,1.24,1.33,1.47,1.77,2.01,2.19,2.54,2.78
08/21/17,0.95,N/A,1.00,1.11,1.23,1.32,1.46,1.76,2.00,2.18,2.52,2.77
08/22/17,0.93,N/A,1.00,1.13,1.24,1.33,1.48,1.80,2.04,2.22,2.55,2.79
08/23/17,0.98,N/A,1.00,1.11,1.22,1.32,1.45,1.76,1.99,2.17,2.51,2.75
08/24/17,0.98,N/A,1.02,1.11,1.23,1.33,1.47,1.78,2.01,2.19,2.53,2.77
08/25/17,0.99,N/A,1.03,1.11,1.23,1.35,1.47,1.77,2.00,2.17,2.51,2.75
08/28/17,0.99,N/A,0.98,1.12,1.24,1.33,1.46,1.74,1.99,2.16,2.51,2.76
08/29/17,0.96,N/A,1.03,1.13,1.23,1.33,1.43,1.70,1.96,2.13,2.48,2.74
08/30/17,0.96,N/A,1.03,1.11,1.23,1.33,1.44,1.72,1.97,2.15,2.49,2.75
08/31/17,0.95,N/A,1.01,1.08,1.23,1.33,1.44,1.70,1.95,2.12,2.47,2.73
09/01/17,0.96,N/A,1.02,1.10,1.24,1.35,1.46,1.73,1.99,2.16,2.51,2.77
09/05/17,1.30,N/A,1.03,1.13,1.23,1.30,1.40,1.65,1.90,2.07,2.43,2.69
09/06/17,1.04,N/A,1.07,1.17,1.24,1.30,1.42,1.69,1.93,2.10,2.46,2.72
09/07/17,0.98,N/A,1.05,1.15,1.21,1.27,1.38,1.63,1.88,2.05,2.40,2.66
09/08/17,0.96,N/A,1.04,1.14,1.22,1.27,1.39,1.64,1.89,2.06,2.41,2.67
09/11/17,0.97,N/A,1.05,1.16,1.24,1.32,1.44,1.71,1.96,2.14,2.49,2.75
09/12/17,0.99,N/A,1.03,1.16,1.27,1.33,1.46,1.75,1.99,2.17,2.52,2.78
09/13/17,0.99,N/A,1.04,1.16,1.27,1.35,1.48,1.78,2.01,2.20,2.53,2.79
09/14/17,0.99,N/A,1.05,1.17,1.28,1.37,1.50,1.79,2.01,2.20,2.52,2.77
09/15/17,0.98,N/A,1.05,1.17,1.30,1.39,1.53,1.81,2.04,2.20,2.52,2.77
09/18/17,0.96,N/A,1.05,1.18,1.30,1.40,1.54,1.83,2.06,2.23,2.56,2.80
09/19/17,0.97,N/A,1.04,1.19,1.31,1.40,1.55,1.84,2.07,2.24,2.57,2.81
09/20/17,0.98,N/A,1.04,1.20,1.32,1.45,1.60,1.89,2.12,2.28,2.59,2.82
09/21/17,0.99,N/A,1.04,1.19,1.31,1.45,1.59,1.89,2.11,2.27,2.57,2.80
09/22/17,0.97,N/A,1.03,1.19,1.30,1.46,1.58,1.88,2.10,2.26,2.57,2.80
09/25/17,0.97,N/A,1.05,1.19,1.30,1.44,1.56,1.85,2.07,2.22,2.53,2.76
09/26/17,0.96,N/A,1.06,1.19,1.31,1.45,1.57,1.87,2.08,2.24,2.54,2.78
09/27/17,0.99,N/A,1.07,1.20,1.33,1.47,1.60,1.91,2.14,2.31,2.62,2.86
09/28/17,0.97,N/A,1.06,1.18,1.31,1.45,1.59,1.89,2.13,2.31,2.63,2.87
09/29/17,0.96,N/A,1.06,1.20,1.31,1.47,1.62,1.92,2.16,2.33,2.63,2.86
10/02/17,0.95,N/A,1.01,1.22,1.31,1.49,1.63,1.94,2.17,2.34,2.64,2.87
10/03/17,1.01,N/A,1.07,1.21,1.32,1.47,1.62,1.92,2.15,2.33,2.63,2.87
10/04/17,1.00,N/A,1.08,1.21,1.33,1.47,1.62,1.92,2.15,2.33,2.64,2.87
10/05/17,1.02,N/A,1.07,1.21,1.35,1.49,1.63,1.94,2.17,2.35,2.65,2.89
10/06/17,1.03,N/A,1.07,1.22,1.35,1.54,1.66,1.97,2.20,2.37,2.68,2.91
10/10/17,1.03,N/A,1.08,1.26,1.42,1.51,1.64,1.95,2.18,2.35,2.65,2.88
10/11/17,1.04,N/A,1.10,1.25,1.40,1.51,1.66,1.95,2.17,2.35,2.64,2.88
10/12/17,0.99,N/A,1.09,1.27,1.41,1.51,1.66,1.95,2.16,2.33,2.62,2.86
10/13/17,0.97,N/A,1.09,1.26,1.39,1.51,1.64,1.91,2.12,2.28,2.58,2.81
10/16/17,0.97,N/A,1.10,1.24,1.42,1.54,1.68,1.95,2.15,2.30,2.58,2.82
10/17/17,0.99,N/A,1.09,1.25,1.41,1.54,1.69,1.97,2.15,2.30,2.58,2.80
10/18/17,0.99,N/A,1.09,1.24,1.42,1.59,1.70,1.99,2.19,2.34,2.62,2.85
10/19/17,0.99,N/A,1.10,1.25,1.41,1.58,1.69,1.98,2.18,2.33,2.60,2.83
10/20/17,0.99,N/A,1.11,1.27,1.43,1.60,1.72,2.03,2.24,2.39,2.67,2.89
10/23/17,1.00,N/A,1.09,1.25,1.42,1.58,1.70,2.01,2.22,2.38,2.66,2.89
10/24/17,1.00,N/A,1.12,1.27,1.43,1.60,1.73,2.05,2.26,2.42,2.70,2.92
10/25/17,1.01,N/A,1.12,1.27,1.43,1.61,1.74,2.06,2.28,2.44,2.72,2.95
10/26/17,0.99,N/A,1.11,1.29,1.43,1.63,1.76,2.07,2.30,2.46,2.74,2.96
10/27/17,0.98,N/A,1.10,1.28,1.42,1.59,1.73,2.03,2.26,2.42,2.71,2.93
10/30/17,0.97,N/A,1.12,1.24,1.42,1.58,1.71,2.00,2.22,2.37,2.66,2.88
10/31/17,0.99,N/A,1.15,1.28,1.43,1.60,1.73,2.01,2.23,2.38,2.66,2.88
11/01/17,1.06,N/A,1.18,1.30,1.46,1.61,1.74,2.01,2.22,2.37,2.63,2.85
11/02/17,1.02,N/A,1.17,1.29,1.46,1.61,1.73,2.00,2.21,2.35,2.61,2.83
11/03/17,1.02,N/A,1.18,1.31,1.49,1.63,1.74,1.99,2.19,2.34,2.59,2.82
11/06/17,1.03,N/A,1.19,1.30,1.50,1.61,1.73,1.99,2.17,2.32,2.58,2.80
11/07/17,1.05,N/A,1.22,1.33,1.49,1.63,1.75,1.99,2.17,2.32,2.56,2.77
11/08/17,1.05,N/A,1.23,1.35,1.53,1.65,1.77,2.01,2.19,2.32,2.57,2.79
11/09/17,1.07,N/A,1.24,1.36,1.53,1.63,1.75,2.01,2.20,2.33,2.59,2.81
11/10/17,1.06,N/A,1.23,1.37,1.54,1.67,1.79,2.06,2.27,2.40,2.67,2.88
11/13/17,1.07,N/A,1.24,1.37,1.55,1.70,1.82,2.08,2.27,2.40,2.67,2.87
11/14/17,1.06,N/A,1.26,1.40,1.55,1.68,1.81,2.06,2.26,2.38,2.64,2.84
11/15/17,1.08,N/A,1.25,1.39,1.55,1.68,1.79,2.04,2.21,2.33,2.58,2.77
11/16/17,1.08,N/A,1.27,1.42,1.59,1.72,1.83,2.07,2.25,2.37,2.62,2.81
11/17/17,1.08,N/A,1.29,1.42,1.60,1.73,1.83,2.06,2.23,2.35,2.59,2.78
11/20/17,1.09,N/A,1.30,1.46,1.62,1.77,1.86,2.09,2.26,2.37,2.60,2.78
11/21/17,1.15,N/A,1.30,1.45,1.62,1.77,1.88,2.11,2.27,2.36,2.58,2.76
11/22/17,1.16,N/A,1.29,1.45,1.61,1.74,1.84,2.05,2.22,2.32,2.57,2.75
11/24/17,1.14,N/A,1.29,1.45,1.61,1.75,1.85,2.07,2.23,2.34,2.58,2.76
11/27/17,1.15,N/A,1.27,1.41,1.62,1.74,1.84,2.06,2.21,2.32,2.57,2.76
11/28/17,1.16,N/A,1.30,1.46,1.61,1.75,1.85,2.07,2.24,2.34,2.58,2.77
11/29/17,1.17,N/A,1.29,1.45,1.61,1.78,1.86,2.09,2.27,2.37,2.62,2.81
11/30/17,1.14,N/A,1.27,1.44,1.62,1.78,1.90,2.14,2.31,2.42,2.65,2.83
12/01/17,1.14,N/A,1.27,1.45,1.62,1.78,1.90,2.13,2.28,2.37,2.58,2.76
12/04/17,1.16,N/A,1.29,1.45,1.66,1.80,1.93,2.15,2.29,2.37,2.58,2.77
12/05/17,1.21,N/A,1.30,1.48,1.64,1.83,1.94,2.15,2.28,2.36,2.55,2.73
12/06/17,1.18,N/A,1.30,1.48,1.68,1.78,1.92,2.11,2.25,2.33,2.53,2.71
12/07/17,1.16,N/A,1.29,1.47,1.67,1.80,1.92,2.14,2.29,2.37,2.58,2.76
12/08/17,1.14,N/A,1.28,1.45,1.65,1.80,1.92,2.14,2.29,2.38,2.59,2.77
12/11/17,1.18,N/A,1.33,1.47,1.69,1.82,1.95,2.16,2.30,2.39,2.59,2.77
12/12/17,1.26,N/A,1.34,1.49,1.70,1.83,1.95,2.18,2.32,2.40,2.60,2.79
12/13/17,1.22,N/A,1.30,1.47,1.68,1.79,1.90,2.12,2.26,2.36,2.56,2.74
12/14/17,1.21,N/A,1.32,1.48,1.70,1.82,1.92,2.14,2.27,2.35,2.53,2.71
12/15/17,1.24,N/A,1.31,1.48,1.71,1.84,1.95,2.16,2.28,2.35,2.52,2.68
12/18/17,1.26,N/A,1.38,1.51,1.70,1.84,1.94,2.17,2.30,2.39,2.57,2.74
12/19/17,1.25,N/A,1.37,1.51,1.71,1.87,1.97,2.23,2.37,2.46,2.66,2.82
12/20/17,1.22,N/A,1.38,1.51,1.72,1.87,1.98,2.24,2.40,2.49,2.71,2.88
12/21/17,1.21,N/A,1.35,1.54,1.73,1.89,2.01,2.26,2.39,2.48,2.68,2.84
12/22/17,1.15,N/A,1.33,1.54,1.73,1.91,2.01,2.26,2.40,2.48,2.68,2.83
12/26/17,1.24,N/A,1.47,1.52,1.75,1.92,2.02,2.25,2.38,2.47,2.66,2.82
12/27/17,1.18,N/A,1.44,1.53,1.75,1.89,1.99,2.22,2.34,2.42,2.59,2.75
12/28/17,1.19,N/A,1.39,1.54,1.76,1.91,2.00,2.23,2.36,2.43,2.60,2.75
12/29/17,1.28,N/A,1.39,1.53,1.76,1.89,1.98,2.20,2.33,2.40,2.58,2.74
01/02/18,1.29,N/A,1.44,1.61,1.83,1.92,2.01,2.25,2.38,2.46,2.64,2.81
01/03/18,1.29,N/A,1.41,1.59,1.81,1.94,2.02,2.25,2.37,2.44,2.62,2.78
01/04/18,1.28,N/A,1.41,1.60,1.82,1.96,2.05,2.27,2.38,2.46,2.62,2.79
01/05/18,1.27,N/A,1.39,1.58,1.80,1.96,2.06,2.29,2.40,2.47,2.64,2.81
01/08/18,1.30,N/A,1.45,1.60,1.79,1.96,2.07,2.29,2.41,2.49,2.65,2.81
01/09/18,1.27,N/A,1.44,1.60,1.78,1.98,2.09,2.33,2.46,2.55,2.72,2.88
01/10/18,1.31,N/A,1.42,1.59,1.78,1.98,2.08,2.32,2.47,2.55,2.73,2.88
01/11/18,1.32,N/A,1.43,1.58,1.77,1.98,2.09,2.32,2.46,2.54,2.72,2.91
01/12/18,1.31,N/A,1.43,1.59,1.78,1.99,2.12,2.35,2.48,2.55,2.71,2.85
01/16/18,1.33,N/A,1.45,1.63,1.79,2.03,2.12,2.36,2.48,2.54,2.69,2.83
01/17/18,1.31,N/A,1.44,1.63,1.79,2.05,2.15,2.39,2.51,2.57,2.71,2.84
01/18/18,1.29,N/A,1.45,1.63,1.79,2.05,2.17,2.43,2.55,2.62,2.77,2.90
01/19/18,1.28,N/A,1.44,1.62,1.79,2.06,2.20,2.45,2.57,2.64,2.78,2.91
01/22/18,1.27,N/A,1.44,1.65,1.79,2.08,2.21,2.46,2.59,2.66,2.79,2.93
01/23/18,1.26,N/A,1.44,1.63,1.78,2.06,2.18,2.43,2.55,2.63,2.77,2.90
01/24/18,1.25,N/A,1.43,1.63,1.79,2.08,2.20,2.43,2.57,2.65,2.80,2.93
01/25/18,1.23,N/A,1.42,1.64,1.80,2.08,2.20,2.41,2.55,2.63,2.76,2.89
01/26/18,1.24,N/A,1.41,1.64,1.80,2.13,2.24,2.47,2.60,2.66,2.79,2.91
01/29/18,1.28,N/A,1.44,1.66,1.80,2.11,2.26,2.49,2.63,2.70,2.82,2.94
01/30/18,1.49,N/A,1.44,1.66,1.88,2.13,2.27,2.51,2.65,2.73,2.86,2.98
01/31/18,1.43,N/A,1.46,1.66,1.90,2.14,2.29,2.52,2.66,2.72,2.83,2.95
02/01/18,1.41,N/A,1.48,1.64,1.89,2.16,2.33,2.56,2.72,2.78,2.90,3.01
02/02/18,1.40,N/A,1.48,1.65,1.88,2.15,2.33,2.58,2.76,2.84,2.97,3.08
02/05/18,1.40,N/A,1.51,1.67,1.85,2.08,2.25,2.50,2.68,2.77,2.92,3.04
02/06/18,1.48,N/A,1.52,1.69,1.87,2.10,2.30,2.52,2.70,2.79,2.94,3.06
02/07/18,1.36,N/A,1.55,1.73,1.91,2.15,2.33,2.57,2.75,2.84,3.01,3.12
02/08/18,1.32,N/A,1.55,1.73,1.91,2.13,2.32,2.57,2.76,2.85,3.03,3.14
02/09/18,1.31,N/A,1.55,1.73,1.89,2.05,2.26,2.52,2.72,2.83,3.02,3.14
02/12/18,1.35,N/A,1.62,1.82,1.93,2.09,2.30,2.56,2.77,2.86,3.02,3.14
02/13/18,1.34,N/A,1.59,1.80,1.95,2.10,2.30,2.54,2.74,2.83,2.99,3.11
02/14/18,1.32,N/A,1.58,1.81,1.98,2.17,2.40,2.65,2.84,2.91,3.07,3.18
02/15/18,1.30,N/A,1.58,1.82,1.99,2.19,2.40,2.65,2.83,2.90,3.04,3.15
02/16/18,1.35,N/A,1.62,1.83,2.00,2.21,2.38,2.63,2.81,2.87,3.02,3.13
02/20/18,1.39,N/A,1.66,1.87,2.01,2.25,2.40,2.65,2.81,2.88,3.04,3.15
02/21/18,1.40,N/A,1.64,1.85,2.03,2.26,2.44,2.69,2.86,2.94,3.11,3.22
02/22/18,1.34,N/A,1.63,1.84,2.02,2.25,2.42,2.66,2.84,2.92,3.09,3.21
02/23/18,1.38,N/A,1.64,1.85,2.02,2.25,2.39,2.62,2.79,2.88,3.04,3.16
02/26/18,1.39,N/A,1.66,1.87,2.03,2.22,2.37,2.60,2.77,2.86,3.03,3.15
02/27/18,1.49,N/A,1.66,1.87,2.08,2.27,2.43,2.67,2.83,2.90,3.06,3.17
02/28/18,1.50,N/A,1.65,1.86,2.07,2.25,2.42,2.65,2.80,2.87,3.02,3.13
03/01/18,1.50,N/A,1.63,1.85,2.05,2.22,2.36,2.58,2.74,2.81,2.97,3.09
03/02/18,1.50,N/A,1.65,1.86,2.06,2.25,2.40,2.63,2.79,2.86,3.02,3.14
03/05/18,1.53,N/A,1.70,1.86,2.06,2.24,2.41,2.65,2.81,2.88,3.04,3.16
03/06/18,1.56,N/A,1.68,1.87,2.06,2.25,2.42,2.65,2.81,2.88,3.03,3.14
03/07/18,1.57,N/A,1.68,1.87,2.05,2.25,2.42,2.65,2.81,2.89,3.04,3.15
03/08/18,1.57,N/A,1.67,1.89,2.05,2.25,2.42,2.63,2.79,2.86,3.01,3.13
03/09/18,1.57,N/A,1.67,1.89,2.03,2.27,2.45,2.65,2.82,2.90,3.04,3.16
03/12/18,1.60,N/A,1.71,1.89,2.05,2.27,2.43,2.64,2.79,2.87,3.00,3.13
03/13/18,1.64,N/A,1.73,1.90,2.03,2.26,2.41,2.62,2.77,2.84,2.98,3.10
03/14/18,1.71,N/A,1.76,1.94,2.05,2.26,2.41,2.61,2.75,2.81,2.94,3.05
03/15/18,1.70,N/A,1.77,1.95,2.07,2.29,2.42,2.62,2.76,2.82,2.94,3.05
03/16/18,1.71,N/A,1.78,1.96,2.08,2.31,2.44,2.65,2.78,2.85,2.96,3.08
03/19/18,1.70,N/A,1.80,1.99,2.08,2.31,2.45,2.65,2.78,2.85,2.97,3.09
03/20/18,1.76,N/A,1.81,1.97,2.08,2.34,2.49,2.69,2.82,2.89,3.01,3.12
03/21/18,1.71,N/A,1.74,1.95,2.06,2.31,2.46,2.69,2.82,2.89,3.01,3.12
03/22/18,1.67,N/A,1.72,1.95,2.05,2.29,2.43,2.63,2.76,2.83,2.94,3.06
03/23/18,1.69,N/A,1.74,1.92,2.04,2.28,2.41,2.61,2.74,2.82,2.94,3.06
03/26/18,1.71,N/A,1.79,1.94,2.06,2.33,2.44,2.64,2.78,2.85,2.96,3.08
03/27/18,1.69,N/A,1.77,1.93,2.10,2.26,2.39,2.58,2.70,2.78,2.90,3.03
03/28/18,1.65,N/A,1.73,1.95,2.12,2.28,2.41,2.59,2.72,2.77,2.89,3.01
03/29/18,1.63,N/A,1.73,1.93,2.09,2.27,2.39,2.56,2.68,2.74,2.85,2.97
04/02/18,1.68,N/A,1.77,1.92,2.08,2.25,2.37,2.55,2.67,2.73,2.85,2.97
04/03/18,1.70,N/A,1.75,1.92,2.09,2.28,2.41,2.60,2.73,2.79,2.90,3.02
04/04/18,1.67,N/A,1.71,1.90,2.07,2.28,2.42,2.61,2.73,2.79,2.91,3.03
04/05/18,1.67,N/A,1.72,1.93,2.07,2.30,2.45,2.64,2.76,2.83,2.95,3.07
04/06/18,1.68,N/A,1.73,1.91,2.06,2.27,2.40,2.58,2.70,2.77,2.89,3.01
04/09/18,1.67,N/A,1.76,1.93,2.08,2.29,2.43,2.60,2.72,2.78,2.89,3.02
04/10/18,1.63,N/A,1.74,1.93,2.09,2.32,2.45,2.62,2.74,2.80,2.89,3.02
04/11/18,1.64,N/A,1.73,1.95,2.09,2.32,2.45,2.62,2.72,2.79,2.87,2.99
04/12/18,1.65,N/A,1.75,1.95,2.11,2.34,2.49,2.67,2.78,2.83,2.92,3.05
04/13/18,1.64,N/A,1.76,1.97,2.12,2.37,2.51,2.67,2.77,2.82,2.91,3.03
04/16/18,1.64,N/A,1.79,1.98,2.12,2.39,2.52,2.69,2.78,2.83,2.91,3.03
04/17/18,1.68,N/A,1.80,2.02,2.16,2.41,2.52,2.68,2.77,2.82,2.89,3.00
04/18/18,1.67,N/A,1.81,2.01,2.17,2.42,2.57,2.73,2.83,2.87,2.95,3.06
04/19/18,1.67,N/A,1.82,2.01,2.21,2.44,2.58,2.77,2.87,2.92,3.01,3.11
04/20/18,1.65,N/A,1.81,2.01,2.22,2.46,2.62,2.80,2.91,2.96,3.04,3.14
04/23/18,1.69,N/A,1.87,2.04,2.25,2.49,2.64,2.83,2.94,2.98,3.05,3.15
04/24/18,1.70,N/A,1.87,2.05,2.25,2.48,2.63,2.83,2.95,3.00,3.08,3.18
04/25/18,1.65,N/A,1.85,2.03,2.26,2.49,2.64,2.84,2.97,3.03,3.12,3.21
04/26/18,1.62,N/A,1.82,2.02,2.25,2.49,2.63,2.82,2.95,3.00,3.08,3.18
04/27/18,1.62,N/A,1.82,2.02,2.24,2.49,2.62,2.80,2.92,2.96,3.03,3.13
04/30/18,1.65,N/A,1.87,2.04,2.24,2.49,2.62,2.79,2.91,2.95,3.01,3.11
05/01/18,1.68,N/A,1.85,2.05,2.26,2.50,2.66,2.82,2.93,2.97,3.03,3.13
05/02/18,1.69,N/A,1.84,2.03,2.24,2.49,2.64,2.80,2.92,2.97,3.04,3.14
05/03/18,1.68,N/A,1.84,2.02,2.24,2.49,2.62,2.78,2.90,2.94,3.02,3.12
05/04/18,1.67,N/A,1.84,2.03,2.24,2.51,2.63,2.78,2.90,2.95,3.02,3.12
05/07/18,1.69,N/A,1.86,2.05,2.25,2.49,2.64,2.78,2.90,2.95,3.02,3.12
05/08/18,1.69,N/A,1.87,2.05,2.26,2.51,2.66,2.81,2.93,2.97,3.04,3.13
05/09/18,1.68,N/A,1.88,2.05,2.27,2.54,2.68,2.84,2.96,3.00,3.07,3.16
05/10/18,1.69,N/A,1.90,2.05,2.27,2.54,2.69,2.83,2.94,2.97,3.04,3.12
05/11/18,1.68,N/A,1.92,2.06,2.28,2.54,2.69,2.84,2.94,2.97,3.03,3.10
05/14/18,1.70,N/A,1.93,2.09,2.28,2.55,2.70,2.85,2.96,3.00,3.06,3.13
05/15/18,1.69,N/A,1.92,2.09,2.31,2.58,2.75,2.92,3.04,3.08,3.14,3.20
05/16/18,1.69,N/A,1.92,2.09,2.32,2.58,2.76,2.94,3.05,3.09,3.16,3.21
05/17/18,1.70,N/A,1.92,2.10,2.32,2.57,2.75,2.94,3.07,3.11,3.19,3.25
05/18/18,1.68,N/A,1.91,2.09,2.32,2.55,2.71,2.90,3.02,3.06,3.14,3.20
05/21/18,1.71,N/A,1.93,2.14,2.35,2.58,2.73,2.90,3.02,3.06,3.13,3.20
05/22/18,1.73,N/A,1.93,2.13,2.34,2.59,2.73,2.90,3.02,3.06,3.14,3.21
05/23/18,1.76,N/A,1.92,2.11,2.29,2.53,2.67,2.83,2.95,3.01,3.09,3.17
05/24/18,1.74,N/A,1.91,2.09,2.28,2.50,2.65,2.82,2.93,2.98,3.06,3.13
05/25/18,1.70,N/A,1.90,2.07,2.27,2.48,2.60,2.76,2.88,2.93,3.01,3.09
05/29/18,1.77,N/A,1.93,2.06,2.17,2.32,2.43,2.58,2.71,2.77,2.87,2.96
05/30/18,1.77,N/A,1.94,2.08,2.23,2.42,2.53,2.67,2.79,2.84,2.93,3.01
05/31/18,1.76,N/A,1.93,2.08,2.23,2.40,2.54,2.68,2.78,2.83,2.91,3.00
06/01/18,1.74,N/A,1.92,2.10,2.28,2.47,2.61,2.74,2.85,2.89,2.96,3.04
06/04/18,1.77,N/A,1.94,2.13,2.30,2.52,2.64,2.78,2.89,2.94,3.00,3.08
06/05/18,1.82,N/A,1.94,2.13,2.32,2.49,2.62,2.76,2.87,2.92,2.99,3.07
06/06/18,1.81,N/A,1.95,2.13,2.32,2.52,2.65,2.81,2.93,2.97,3.05,3.13
06/07/18,1.78,N/A,1.94,2.12,2.31,2.50,2.63,2.77,2.88,2.93,3.00,3.08
06/08/18,1.78,N/A,1.93,2.12,2.30,2.50,2.63,2.77,2.88,2.93,3.00,3.08
06/11/18,1.82,N/A,1.94,2.11,2.32,2.52,2.66,2.80,2.91,2.96,3.02,3.10
06/12/18,1.81,N/A,1.92,2.10,2.31,2.54,2.67,2.81,2.91,2.96,3.02,3.09
06/13/18,1.82,N/A,1.94,2.09,2.35,2.59,2.71,2.85,2.95,2.98,3.04,3.10
06/14/18,1.81,N/A,1.94,2.07,2.35,2.59,2.69,2.81,2.90,2.94,2.99,3.05
06/15/18,1.82,N/A,1.94,2.07,2.35,2.55,2.68,2.81,2.89,2.93,2.98,3.05
06/18/18,1.84,N/A,1.94,2.13,2.35,2.56,2.67,2.80,2.89,2.92,2.98,3.05
06/19/18,1.85,N/A,1.94,2.13,2.34,2.54,2.64,2.77,2.84,2.89,2.95,3.02
06/20/18,1.85,N/A,1.94,2.14,2.36,2.56,2.67,2.80,2.89,2.93,2.99,3.06
06/21/18,1.85,N/A,1.94,2.12,2.34,2.56,2.65,2.77,2.86,2.90,2.97,3.04
06/22/18,1.83,N/A,1.93,2.11,2.33,2.56,2.65,2.77,2.86,2.90,2.97,3.04
06/25/18,1.80,N/A,1.93,2.13,2.34,2.54,2.63,2.75,2.83,2.87,2.95,3.02
06/26/18,1.79,N/A,1.93,2.14,2.33,2.53,2.63,2.75,2.84,2.88,2.95,3.03
06/27/18,1.79,N/A,1.93,2.10,2.33,2.52,2.59,2.71,2.79,2.83,2.90,2.97
06/28/18,1.76,N/A,1.93,2.11,2.33,2.52,2.60,2.73,2.81,2.84,2.91,2.97
06/29/18,1.77,N/A,1.93,2.11,2.33,2.52,2.63,2.73,2.81,2.85,2.91,2.98
07/02/18,1.90,N/A,1.98,2.14,2.34,2.57,2.65,2.75,2.83,2.87,2.92,2.99
07/03/18,1.91,N/A,1.98,2.12,2.33,2.53,2.63,2.72,2.79,2.83,2.89,2.96
07/05/18,1.87,N/A,1.96,2.11,2.32,2.55,2.65,2.74,2.80,2.84,2.88,2.95
07/06/18,1.86,N/A,1.97,2.13,2.34,2.53,2.64,2.71,2.78,2.82,2.87,2.94
07/09/18,1.87,N/A,1.98,2.15,2.34,2.57,2.66,2.75,2.82,2.86,2.90,2.96
07/10/18,1.88,N/A,1.99,2.15,2.36,2.59,2.69,2.77,2.83,2.87,2.91,2.97
07/11/18,1.89,N/A,1.97,2.14,2.36,2.58,2.67,2.74,2.82,2.85,2.89,2.95
07/12/18,1.89,N/A,1.98,2.17,2.39,2.60,2.68,2.75,2.83,2.85,2.89,2.95
07/13/18,1.87,N/A,1.98,2.16,2.37,2.59,2.66,2.73,2.80,2.83,2.87,2.94
07/16/18,1.90,N/A,2.01,2.19,2.39,2.59,2.67,2.75,2.82,2.85,2.90,2.96
07/17/18,1.93,N/A,2.02,2.19,2.39,2.62,2.69,2.76,2.83,2.86,2.91,2.97
07/18/18,1.90,N/A,2.00,2.17,2.43,2.60,2.69,2.77,2.84,2.88,2.93,2.99
07/19/18,1.89,N/A,2.00,2.16,2.40,2.60,2.67,2.74,2.81,2.84,2.90,2.96
07/20/18,1.86,N/A,1.99,2.16,2.41,2.60,2.68,2.77,2.85,2.89,2.96,3.03
07/23/18,1.88,N/A,1.99,2.19,2.42,2.64,2.72,2.83,2.92,2.96,3.04,3.10
07/24/18,1.92,N/A,2.02,2.19,2.42,2.63,2.74,2.83,2.91,2.95,3.02,3.08
07/25/18,1.90,N/A,2.01,2.20,2.42,2.66,2.74,2.82,2.90,2.94,3.00,3.06
07/26/18,1.89,N/A,1.99,2.19,2.41,2.69,2.78,2.86,2.95,2.98,3.05,3.10
07/27/18,1.90,N/A,2.00,2.20,2.43,2.67,2.76,2.84,2.92,2.96,3.03,3.09
07/30/18,1.91,N/A,2.04,2.21,2.43,2.66,2.77,2.85,2.94,2.98,3.05,3.11
07/31/18,1.94,N/A,2.03,2.21,2.44,2.67,2.77,2.85,2.92,2.96,3.03,3.08
08/01/18,1.93,N/A,2.03,2.22,2.45,2.67,2.78,2.87,2.96,3.00,3.07,3.13
08/02/18,1.89,N/A,2.02,2.22,2.45,2.66,2.76,2.85,2.93,2.98,3.06,3.12
08/03/18,1.90,N/A,2.01,2.23,2.43,2.63,2.74,2.82,2.91,2.95,3.03,3.09
08/06/18,1.92,N/A,2.05,2.23,2.44,2.64,2.73,2.80,2.89,2.94,3.02,3.08
08/07/18,1.96,N/A,2.06,2.23,2.45,2.68,2.76,2.84,2.92,2.98,3.06,3.12
08/08/18,1.93,N/A,2.06,2.24,2.44,2.68,2.77,2.83,2.92,2.96,3.05,3.12
08/09/18,1.91,N/A,2.06,2.25,2.44,2.64,2.74,2.80,2.89,2.93,3.01,3.08
08/10/18,1.92,N/A,2.05,2.23,2.42,2.61,2.68,2.75,2.82,2.87,2.96,3.03
08/13/18,1.93,N/A,2.06,2.22,2.42,2.61,2.68,2.75,2.82,2.88,2.97,3.05
08/14/18,1.96,N/A,2.08,2.25,2.44,2.63,2.71,2.77,2.84,2.89,2.98,3.06
08/15/18,1.96,N/A,2.07,2.23,2.45,2.61,2.68,2.73,2.81,2.86,2.95,3.03
08/16/18,1.96,N/A,2.07,2.24,2.45,2.63,2.70,2.75,2.82,2.87,2.95,3.03
08/17/18,1.95,N/A,2.05,2.24,2.44,2.61,2.68,2.75,2.82,2.87,2.95,3.03
08/20/18,1.93,N/A,2.06,2.25,2.43,2.60,2.65,2.70,2.77,2.82,2.91,2.99
08/21/18,1.94,N/A,2.08,2.25,2.45,2.61,2.67,2.73,2.80,2.85,2.93,3.00
08/22/18,1.95,N/A,2.09,2.24,2.43,2.60,2.65,2.70,2.77,2.82,2.91,2.99
08/23/18,1.94,N/A,2.08,2.23,2.43,2.61,2.66,2.72,2.78,2.82,2.90,2.97
08/24/18,1.95,N/A,2.09,2.25,2.44,2.63,2.68,2.72,2.78,2.82,2.89,2.97
08/27/18,1.96,N/A,2.12,2.25,2.47,2.67,2.70,2.74,2.81,2.85,2.92,3.00
08/28/18,1.96,N/A,2.13,2.28,2.47,2.67,2.73,2.77,2.84,2.88,2.96,3.03
08/29/18,1.97,N/A,2.13,2.28,2.48,2.67,2.75,2.78,2.85,2.89,2.96,3.02
08/30/18,1.97,N/A,2.11,2.28,2.47,2.64,2.72,2.75,2.82,2.86,2.93,3.00
08/31/18,1.95,N/A,2.11,2.28,2.46,2.62,2.70,2.74,2.81,2.86,2.95,3.02
09/04/18,2.00,N/A,2.13,2.29,2.49,2.66,2.73,2.78,2.85,2.90,2.99,3.07
09/05/18,2.00,N/A,2.14,2.30,2.49,2.66,2.72,2.77,2.85,2.90,3.00,3.08
09/06/18,1.98,N/A,2.13,2.30,2.50,2.64,2.71,2.76,2.83,2.88,2.98,3.06
09/07/18,1.98,N/A,2.14,2.30,2.53,2.71,2.78,2.82,2.89,2.94,3.03,3.11
09/10/18,1.98,N/A,2.14,2.32,2.54,2.73,2.78,2.83,2.89,2.94,3.02,3.09
09/11/18,2.02,N/A,2.15,2.31,2.55,2.76,2.83,2.87,2.94,2.98,3.06,3.13
09/12/18,2.01,N/A,2.16,2.33,2.56,2.74,2.82,2.87,2.93,2.97,3.04,3.11
09/13/18,2.01,N/A,2.15,2.33,2.55,2.76,2.83,2.87,2.93,2.97,3.04,3.11
09/14/18,2.02,N/A,2.16,2.33,2.56,2.78,2.85,2.90,2.96,2.99,3.07,3.13
09/17/18,2.02,N/A,2.16,2.35,2.57,2.78,2.85,2.89,2.96,2.99,3.07,3.13
09/18/18,2.05,N/A,2.17,2.36,2.58,2.81,2.88,2.94,3.01,3.05,3.14,3.20
09/19/18,2.03,N/A,2.16,2.36,2.58,2.81,2.89,2.96,3.04,3.08,3.16,3.23
09/20/18,2.03,N/A,2.17,2.37,2.58,2.81,2.89,2.96,3.03,3.07,3.15,3.21
09/21/18,2.05,N/A,2.18,2.38,2.58,2.81,2.89,2.95,3.03,3.07,3.14,3.20
09/24/18,2.07,N/A,2.22,2.38,2.60,2.83,2.89,2.96,3.04,3.08,3.15,3.21
09/25/18,2.12,N/A,2.21,2.38,2.59,2.83,2.91,2.99,3.06,3.10,3.17,3.23
09/26/18,2.11,N/A,2.20,2.37,2.58,2.83,2.89,2.96,3.02,3.06,3.14,3.19
09/27/18,2.10,N/A,2.18,2.37,2.58,2.83,2.89,2.96,3.02,3.06,3.13,3.19
09/28/18,2.12,N/A,2.19,2.36,2.59,2.81,2.88,2.94,3.01,3.05,3.13,3.19
10/01/18,2.13,N/A,2.23,2.40,2.60,2.82,2.90,2.96,3.04,3.09,3.18,3.24
10/02/18,2.14,N/A,2.23,2.41,2.61,2.82,2.88,2.94,3.01,3.05,3.14,3.20
10/03/18,2.15,N/A,2.23,2.41,2.62,2.85,2.94,3.02,3.10,3.15,3.24,3.30
10/04/18,2.16,N/A,2.22,2.42,2.63,2.87,2.97,3.05,3.14,3.19,3.29,3.35
10/05/18,2.15,N/A,2.23,2.41,2.64,2.88,2.99,3.07,3.18,3.23,3.34,3.40
10/09/18,2.17,N/A,2.25,2.46,2.65,2.88,2.98,3.05,3.15,3.21,3.30,3.37
10/10/18,2.18,N/A,2.27,2.45,2.67,2.88,2.97,3.05,3.15,3.22,3.33,3.39
10/11/18,2.14,N/A,2.27,2.44,2.66,2.85,2.94,3.00,3.09,3.14,3.25,3.32
10/12/18,2.14,N/A,2.28,2.44,2.66,2.85,2.93,3.00,3.09,3.15,3.25,3.32
10/15/18,2.17,N/A,2.31,2.47,2.67,2.85,2.94,3.01,3.10,3.16,3.27,3.34
10/16/18,2.19,2.22,2.30,2.46,2.66,2.87,2.95,3.02,3.10,3.16,3.26,3.32
10/17/18,2.20,2.23,2.31,2.47,2.66,2.89,2.97,3.04,3.13,3.19,3.29,3.35
10/18/18,2.19,2.23,2.32,2.47,2.67,2.87,2.95,3.03,3.11,3.17,3.28,3.36
10/19/18,2.19,2.23,2.31,2.48,2.67,2.92,2.99,3.05,3.14,3.20,3.31,3.38
10/22/18,2.18,2.25,2.34,2.49,2.68,2.92,2.99,3.05,3.13,3.20,3.31,3.38
10/23/18,2.21,2.23,2.33,2.48,2.67,2.89,2.95,3.01,3.10,3.17,3.29,3.37
10/24/18,2.20,2.23,2.34,2.47,2.64,2.84,2.89,2.94,3.02,3.10,3.24,3.33
10/25/18,2.19,2.24,2.34,2.47,2.66,2.86,2.92,2.98,3.07,3.14,3.27,3.35
10/26/18,2.16,2.21,2.33,2.47,2.63,2.81,2.85,2.91,3.00,3.08,3.23,3.32
10/29/18,2.17,2.21,2.34,2.49,2.64,2.81,2.86,2.91,3.00,3.08,3.23,3.33
10/30/18,2.21,2.26,2.33,2.48,2.66,2.84,2.90,2.94,3.03,3.12,3.26,3.36
10/31/18,2.20,2.26,2.34,2.49,2.69,2.87,2.93,2.98,3.07,3.15,3.30,3.39
11/01/18,2.21,2.28,2.32,2.49,2.67,2.84,2.91,2.96,3.06,3.14,3.29,3.38
11/02/18,2.19,2.28,2.33,2.50,2.70,2.91,2.98,3.04,3.13,3.22,3.37,3.46
11/05/18,2.20,2.29,2.36,2.51,2.71,2.91,2.99,3.03,3.12,3.20,3.34,3.43
11/06/18,2.23,2.29,2.35,2.52,2.72,2.93,3.01,3.05,3.14,3.22,3.35,3.43
11/07/18,2.23,2.29,2.37,2.51,2.74,2.96,3.03,3.07,3.15,3.22,3.35,3.43
11/08/18,2.21,2.29,2.35,2.52,2.74,2.98,3.05,3.09,3.17,3.24,3.36,3.43
11/09/18,2.21,2.30,2.36,2.52,2.73,2.94,3.01,3.05,3.13,3.19,3.32,3.40
11/13/18,2.24,2.32,2.38,2.53,2.72,2.89,2.95,2.99,3.07,3.14,3.28,3.36
11/14/18,2.24,2.33,2.38,2.52,2.71,2.86,2.92,2.95,3.04,3.12,3.26,3.35
11/15/18,2.20,2.32,2.37,2.51,2.70,2.86,2.91,2.94,3.02,3.11,3.27,3.36
11/16/18,2.21,2.31,2.36,2.50,2.68,2.81,2.85,2.90,2.99,3.08,3.23,3.33
11/19/18,2.23,2.32,2.38,2.52,2.66,2.79,2.82,2.87,2.97,3.06,3.22,3.32
11/20/18,2.23,2.35,2.39,2.51,2.67,2.79,2.83,2.88,2.97,3.06,3.22,3.31
11/21/18,2.25,2.34,2.41,2.52,2.67,2.81,2.84,2.89,2.98,3.06,3.22,3.31
11/23/18,2.25,2.35,2.41,2.52,2.67,2.81,2.83,2.88,2.97,3.05,3.21,3.31
11/26/18,2.24,2.35,2.41,2.54,2.70,2.84,2.86,2.90,2.98,3.07,3.22,3.32
11/27/18,2.31,2.37,2.41,2.53,2.70,2.83,2.86,2.89,2.98,3.06,3.22,3.32
11/28/18,2.31,2.37,2.40,2.53,2.69,2.81,2.84,2.87,2.97,3.06,3.23,3.34
11/29/18,2.31,2.34,2.37,2.52,2.69,2.81,2.83,2.85,2.94,3.03,3.21,3.33
11/30/18,2.31,2.33,2.37,2.52,2.70,2.80,2.83,2.84,2.92,3.01,3.19,3.30
12/03/18,2.30,2.35,2.38,2.56,2.72,2.83,2.84,2.83,2.90,2.98,3.15,3.27
12/04/18,2.37,2.42,2.42,2.58,2.71,2.80,2.81,2.79,2.84,2.91,3.05,3.16
12/06/18,2.36,2.42,2.41,2.56,2.70,2.75,2.76,2.75,2.80,2.87,3.01,3.14
12/07/18,2.32,2.40,2.40,2.54,2.68,2.72,2.72,2.70,2.77,2.85,3.01,3.14
12/10/18,2.32,2.39,2.41,2.54,2.69,2.72,2.73,2.71,2.77,2.85,3.00,3.13
12/11/18,2.28,2.36,2.41,2.55,2.70,2.78,2.78,2.75,2.81,2.89,3.02,3.13
12/12/18,2.30,2.38,2.43,2.56,2.70,2.77,2.78,2.77,2.84,2.91,3.04,3.15
12/13/18,2.36,2.40,2.43,2.56,2.69,2.75,2.76,2.75,2.83,2.91,3.05,3.16
12/14/18,2.36,2.41,2.42,2.56,2.68,2.73,2.72,2.73,2.81,2.89,3.03,3.14
12/17/18,2.36,2.39,2.40,2.54,2.66,2.70,2.68,2.69,2.77,2.86,3.00,3.11
12/18/18,2.35,2.39,2.39,2.53,2.64,2.65,2.64,2.65,2.74,2.82,2.96,3.07
12/19/18,2.35,2.39,2.40,2.54,2.62,2.63,2.61,2.62,2.69,2.77,2.89,3.00
12/20/18,2.42,2.42,2.39,2.55,2.64,2.67,2.65,2.65,2.72,2.79,2.92,3.02
12/21/18,2.41,2.42,2.39,2.54,2.62,2.63,2.61,2.64,2.72,2.79,2.92,3.03
12/24/18,2.42,2.43,2.45,2.52,2.61,2.55,2.56,2.58,2.66,2.74,2.88,3.00
12/26/18,2.41,2.43,2.44,2.54,2.61,2.61,2.60,2.67,2.74,2.81,2.94,3.06
12/27/18,2.43,2.46,2.41,2.49,2.58,2.56,2.55,2.60,2.68,2.77,2.92,3.05
12/28/18,2.39,2.47,2.40,2.48,2.57,2.52,2.50,2.56,2.63,2.72,2.89,3.04
12/31/18,2.44,2.45,2.45,2.56,2.63,2.48,2.46,2.51,2.59,2.69,2.87,3.02
01/02/19,2.40,2.40,2.42,2.51,2.60,2.50,2.47,2.49,2.56,2.66,2.83,2.97
01/03/19,2.42,2.42,2.41,2.47,2.50,2.39,2.35,2.37,2.44,2.56,2.75,2.92
01/04/19,2.40,2.42,2.42,2.51,2.57,2.50,2.47,2.49,2.56,2.67,2.83,2.98
01/07/19,2.42,2.42,2.45,2.54,2.58,2.53,2.51,2.53,2.60,2.70,2.86,2.99
01/08/19,2.40,2.42,2.46,2.54,2.60,2.58,2.57,2.58,2.63,2.73,2.88,3.00
01/09/19,2.40,2.42,2.45,2.52,2.59,2.56,2.54,2.57,2.64,2.74,2.90,3.03
01/10/19,2.42,2.42,2.43,2.51,2.59,2.56,2.54,2.56,2.63,2.74,2.92,3.06
01/11/19,2.41,2.43,2.43,2.50,2.58,2.55,2.51,2.52,2.60,2.71,2.90,3.04
01/14/19,2.42,2.43,2.45,2.52,2.57,2.53,2.51,2.53,2.60,2.71,2.91,3.06
01/15/19,2.41,2.43,2.45,2.52,2.57,2.53,2.51,2.53,2.61,2.72,2.92,3.08
01/16/19,2.41,2.40,2.43,2.49,2.57,2.55,2.53,2.54,2.62,2.73,2.92,3.07
01/17/19,2.41,2.41,2.42,2.50,2.57,2.56,2.55,2.58,2.66,2.75,2.93,3.07
01/18/19,2.40,2.40,2.41,2.50,2.60,2.62,2.60,2.62,2.70,2.79,2.95,3.09
01/22/19,2.38,2.40,2.43,2.51,2.59,2.58,2.55,2.57,2.65,2.74,2.91,3.06
01/23/19,2.37,2.38,2.41,2.51,2.59,2.58,2.57,2.59,2.66,2.76,2.93,3.07
01/24/19,2.38,2.41,2.37,2.50,2.58,2.56,2.54,2.55,2.62,2.72,2.89,3.04
01/25/19,2.36,2.41,2.39,2.51,2.60,2.60,2.58,2.59,2.66,2.76,2.92,3.06
01/28/19,2.39,2.41,2.42,2.51,2.60,2.60,2.58,2.58,2.65,2.75,2.92,3.06
01/29/19,2.39,2.41,2.42,2.51,2.60,2.56,2.54,2.55,2.61,2.72,2.90,3.04
01/30/19,2.40,2.39,2.42,2.50,2.57,2.52,2.49,2.49,2.58,2.70,2.90,3.06
01/31/19,2.42,2.43,2.41,2.46,2.55,2.45,2.43,2.43,2.51,2.63,2.83,2.99
02/01/19,2.41,2.42,2.40,2.46,2.56,2.52,2.50,2.51,2.59,2.70,2.88,3.03
02/04/19,2.41,2.41,2.42,2.49,2.57,2.53,2.52,2.53,2.62,2.73,2.92,3.06
02/05/19,2.39,2.40,2.42,2.50,2.56,2.53,2.50,2.51,2.60,2.71,2.89,3.03
02/06/19,2.40,2.41,2.42,2.50,2.56,2.52,2.50,2.50,2.59,2.70,2.88,3.03
02/07/19,2.43,2.43,2.42,2.49,2.55,2.48,2.46,2.46,2.54,2.65,2.85,3.00
02/08/19,2.43,2.43,2.43,2.49,2.54,2.45,2.43,2.44,2.53,2.63,2.82,2.97
02/11/19,2.44,2.44,2.45,2.51,2.55,2.48,2.47,2.47,2.56,2.65,2.85,3.00
02/12/19,2.42,2.43,2.43,2.50,2.55,2.50,2.48,2.49,2.58,2.68,2.87,3.02
02/13/19,2.42,2.42,2.44,2.51,2.55,2.53,2.52,2.53,2.61,2.71,2.89,3.04
02/14/19,2.45,2.43,2.43,2.51,2.53,2.50,2.48,2.48,2.56,2.66,2.85,3.01
02/15/19,2.43,2.43,2.43,2.50,2.55,2.52,2.50,2.49,2.57,2.66,2.84,3.00
02/19/19,2.44,2.42,2.45,2.52,2.54,2.50,2.47,2.47,2.55,2.65,2.84,2.99
02/20/19,2.41,2.42,2.45,2.51,2.54,2.50,2.47,2.47,2.55,2.65,2.84,3.00
02/21/19,2.43,2.44,2.45,2.51,2.55,2.53,2.49,2.51,2.59,2.69,2.89,3.05
02/22/19,2.43,2.45,2.46,2.51,2.55,2.48,2.46,2.47,2.55,2.65,2.86,3.02
02/25/19,2.44,2.46,2.47,2.51,2.56,2.51,2.48,2.48,2.57,2.67,2.87,3.03
02/26/19,2.43,2.44,2.45,2.51,2.55,2.48,2.44,2.45,2.54,2.64,2.84,3.01
02/27/19,2.43,2.44,2.45,2.52,2.54,2.50,2.48,2.49,2.59,2.69,2.91,3.07
02/28/19,2.44,2.47,2.45,2.50,2.54,2.52,2.50,2.52,2.63,2.73,2.94,3.09
03/01/19,2.44,2.46,2.44,2.52,2.55,2.55,2.54,2.56,2.67,2.76,2.97,3.13
03/04/19,2.45,2.46,2.46,2.54,2.54,2.55,2.52,2.53,2.63,2.72,2.93,3.09
03/05/19,2.44,2.45,2.46,2.53,2.54,2.55,2.52,2.53,2.63,2.72,2.93,3.08
03/06/19,2.43,2.44,2.47,2.53,2.54,2.52,2.49,2.49,2.59,2.69,2.90,3.06
03/07/19,2.45,2.46,2.45,2.52,2.52,2.47,2.44,2.44,2.54,2.64,2.86,3.03
03/08/19,2.45,2.46,2.46,2.52,2.53,2.45,2.43,2.42,2.51,2.62,2.83,3.00
03/11/19,2.44,2.45,2.46,2.54,2.53,2.47,2.45,2.44,2.53,2.64,2.86,3.03
03/12/19,2.44,2.46,2.46,2.53,2.52,2.45,2.41,2.41,2.50,2.61,2.82,3.00
03/13/19,2.43,2.44,2.45,2.53,2.53,2.45,2.41,2.42,2.51,2.61,2.82,3.02
03/14/19,2.48,2.46,2.45,2.52,2.52,2.46,2.42,2.43,2.53,2.63,2.86,3.04
03/15/19,2.46,2.46,2.45,2.52,2.52,2.43,2.39,2.40,2.49,2.59,2.83,3.02
03/18/19,2.47,2.46,2.44,2.51,2.52,2.45,2.41,2.42,2.51,2.60,2.83,3.01
03/19/19,2.46,2.47,2.46,2.52,2.50,2.46,2.42,2.42,2.51,2.61,2.84,3.02
03/20/19,2.45,2.45,2.48,2.49,2.47,2.40,2.34,2.34,2.44,2.54,2.79,2.98
03/21/19,2.51,2.47,2.49,2.50,2.48,2.41,2.34,2.34,2.44,2.54,2.78,2.96
03/22/19,2.49,2.48,2.46,2.48,2.45,2.31,2.24,2.24,2.34,2.44,2.69,2.88
03/25/19,2.47,2.47,2.46,2.49,2.41,2.26,2.19,2.21,2.32,2.43,2.68,2.87
03/26/19,2.46,2.44,2.46,2.49,2.44,2.24,2.18,2.18,2.29,2.41,2.67,2.86
03/27/19,2.45,2.43,2.44,2.46,2.40,2.22,2.16,2.18,2.28,2.39,2.63,2.83
03/28/19,2.44,2.45,2.43,2.44,2.40,2.23,2.18,2.20,2.29,2.39,2.62,2.81
03/29/19,2.43,2.44,2.40,2.44,2.40,2.27,2.21,2.23,2.31,2.41,2.63,2.81
04/01/19,2.42,2.43,2.43,2.46,2.41,2.33,2.29,2.31,2.40,2.49,2.71,2.89
04/02/19,2.43,2.42,2.42,2.45,2.41,2.30,2.26,2.28,2.38,2.48,2.70,2.88
04/03/19,2.42,2.43,2.44,2.45,2.41,2.33,2.29,2.32,2.42,2.52,2.75,2.93
04/04/19,2.43,2.43,2.44,2.46,2.41,2.33,2.29,2.32,2.41,2.51,2.74,2.92
04/05/19,2.42,2.43,2.44,2.46,2.43,2.35,2.30,2.31,2.40,2.50,2.72,2.91
04/08/19,2.43,2.44,2.43,2.48,2.43,2.36,2.31,2.33,2.42,2.52,2.74,2.93
04/09/19,2.42,2.43,2.42,2.46,2.42,2.35,2.31,2.31,2.40,2.51,2.73,2.92
04/10/19,2.40,2.41,2.43,2.46,2.41,2.31,2.27,2.28,2.37,2.48,2.71,2.90
04/11/19,2.42,2.43,2.43,2.46,2.44,2.35,2.30,2.31,2.40,2.51,2.74,2.94
04/12/19,2.41,2.43,2.44,2.47,2.44,2.40,2.36,2.38,2.47,2.56,2.78,2.97
04/15/19,2.42,2.43,2.43,2.46,2.43,2.40,2.36,2.37,2.46,2.55,2.77,2.96
04/16/19,2.43,2.44,2.43,2.47,2.45,2.41,2.38,2.41,2.50,2.60,2.81,2.99
04/17/19,2.43,2.44,2.44,2.47,2.44,2.40,2.37,2.40,2.49,2.59,2.81,2.99
04/18/19,2.44,2.44,2.42,2.47,2.44,2.38,2.36,2.38,2.46,2.57,2.78,2.96
04/22/19,2.44,2.44,2.44,2.47,2.46,2.38,2.36,2.39,2.49,2.59,2.82,2.99
04/23/19,2.43,2.44,2.45,2.46,2.43,2.36,2.34,2.36,2.46,2.57,2.81,2.98
04/24/19,2.42,2.43,2.44,2.46,2.42,2.32,2.28,2.32,2.41,2.53,2.76,2.94
04/25/19,2.43,2.44,2.43,2.46,2.42,2.33,2.29,2.33,2.42,2.54,2.76,2.94
04/26/19,2.42,2.43,2.42,2.46,2.41,2.28,2.25,2.29,2.39,2.51,2.74,2.92
04/29/19,2.45,2.45,2.44,2.47,2.42,2.30,2.27,2.32,2.42,2.54,2.78,2.96
04/30/19,2.43,2.44,2.43,2.46,2.39,2.27,2.24,2.28,2.39,2.51,2.75,2.93
05/01/19,2.42,2.41,2.43,2.44,2.39,2.31,2.28,2.31,2.41,2.52,2.74,2.92
05/02/19,2.44,2.46,2.47,2.46,2.41,2.35,2.32,2.34,2.44,2.55,2.77,2.94
05/03/19,2.42,2.44,2.43,2.46,2.41,2.33,2.30,2.33,2.43,2.54,2.75,2.93
05/06/19,2.43,2.44,2.44,2.46,2.39,2.31,2.27,2.30,2.40,2.51,2.73,2.91
05/07/19,2.44,2.44,2.43,2.46,2.37,2.28,2.24,2.25,2.35,2.45,2.68,2.86
05/08/19,2.42,2.43,2.43,2.45,2.37,2.30,2.26,2.28,2.38,2.49,2.71,2.89
05/09/19,2.43,2.43,2.43,2.46,2.36,2.26,2.22,2.25,2.34,2.45,2.69,2.87
05/10/19,2.42,2.43,2.43,2.45,2.36,2.26,2.23,2.26,2.37,2.47,2.70,2.89
